year,Access to electricity (% of population),"Adjusted net enrollment rate, primary (% of primary school age children)",Adjusted net national income per capita (current US$),"Adolescent fertility rate (births per 1,000 women ages 15-19)",Age dependency ratio (% of working-age population),"Age dependency ratio, old (% of working-age population)","Age dependency ratio, young (% of working-age population)",Agricultural land (% of land area),"Agriculture, forestry, and fishing, value added (% of GDP)","Air transport, passengers carried","Birth rate, crude (per 1,000 people)",Broad money (% of GDP),Broad money growth (annual %),Cereal production (metric tons),Cereal yield (kg per hectare),"Commercial bank branches (per 100,000 adults)",Consumer price index (2010 = 100),Container port traffic (TEU: 20 foot equivalent units),Current account balance (% of GDP),"Current account balance (BoP, current US$)",Current health expenditure (% of GDP),Current health expenditure per capita (current US$),"Death rate, crude (per 1,000 people)",Deposit interest rate (%),Electric power consumption (kWh per capita),Employment in agriculture (% of total employment) (modeled ILO estimate),Employment in industry (% of total employment) (modeled ILO estimate),Employment in services (% of total employment) (modeled ILO estimate),"Employment to population ratio, 15+, total (%) (modeled ILO estimate)",Energy use (kg of oil equivalent per capita),"Energy use (kg of oil equivalent) per $1,000 GDP (constant 2021 PPP)",Expense (% of GDP),Exports of goods and services (% of GDP),"Exports of goods and services (BoP, current US$)",Exports of goods and services (current US$),External debt stocks (% of GNI),"External debt stocks, long-term (DOD, current US$)","External debt stocks, total (DOD, current US$)","Fertility rate, total (births per woman)",Fertilizer consumption (kilograms per hectare of arable land),Final consumption expenditure (% of GDP),Fixed broadband subscriptions (per 100 people),Food production index (2014-2016 = 100),"Foreign direct investment, net inflows (% of GDP)","Foreign direct investment, net inflows (BoP, current US$)",Forest area (% of land area),GDP (constant 2015 US$),GDP (current US$),GDP growth (annual %),GDP per capita (constant 2015 US$),GDP per capita (current US$),GDP per capita growth (annual %),"GDP per capita, PPP (current international $)","GDP, PPP (current international $)",GNI (current US$),"GNI per capita, Atlas method (current US$)","GNI, PPP (current international $)",General government final consumption expenditure (% of GDP),Gini index,"Goods exports (BoP, current US$)","Goods imports (BoP, current US$)","Government expenditure on education, total (% of GDP)",Gross capital formation (% of GDP),Gross fixed capital formation (% of GDP),Gross savings (% of GDP),"Hospital beds (per 1,000 people)",Households and NPISHs final consumption expenditure (% of GDP),"Immunization, DPT (% of children ages 12-23 months)","Immunization, measles (% of children ages 12-23 months)",Imports of goods and services (% of GDP),"Imports of goods and services (BoP, current US$)",Imports of goods and services (current US$),Income share held by highest 20%,Income share held by lowest 20%,Individuals using the Internet (% of population),"Industry (including construction), value added (% of GDP)","Inflation, GDP deflator (annual %)","Inflation, consumer prices (annual %)","International tourism, number of arrivals","International tourism, receipts (current US$)","Labor force participation rate, female (% of female population ages 15+) (modeled ILO estimate)","Labor force participation rate, total (% of total population ages 15+) (modeled ILO estimate)","Labor force, total",Lending interest rate (%),"Life expectancy at birth, female (years)","Life expectancy at birth, male (years)","Life expectancy at birth, total (years)","Literacy rate, adult female (% of females ages 15 and above)","Literacy rate, adult total (% of people ages 15 and above)","Manufacturing, value added (% of GDP)","Maternal mortality ratio (modeled estimate, per 100,000 live births)",Military expenditure (% of GDP),Military expenditure (current USD),Mobile cellular subscriptions (per 100 people),Monetary Sector credit to private sector (% GDP),"Mortality rate, infant (per 1,000 live births)","Mortality rate, neonatal (per 1,000 live births)","Mortality rate, under-5 (per 1,000 live births)",Net ODA received (% of GNI),Net official development assistance received (current US$),"Official exchange rate (LCU per US$, period average)","PPP conversion factor, GDP (LCU per international $)",People using safely managed drinking water services (% of population),"Personal remittances, received (% of GDP)","Personal remittances, received (current US$)","Physicians (per 1,000 people)",Population ages 0-14 (% of total population),Population ages 15-64 (% of total population),Population ages 65 and above (% of total population),Population density (people per sq. km of land area),Population growth (annual %),"Population, female (% of total population)","Population, total",Poverty headcount ratio at $3.00 a day (2021 PPP) (% of population),Poverty headcount ratio at $4.20 a day (2021 PPP) (% of population),Poverty headcount ratio at national poverty lines (% of population),"Prevalence of stunting, height for age (% of children under 5)","Primary completion rate, total (% of relevant age group)",Real interest rate (%),Renewable electricity output (% of total electricity output),Renewable energy consumption (% of total final energy consumption),"School enrollment, primary (% gross)","School enrollment, primary (gross), gender parity index (GPI)","School enrollment, secondary (% gross)","School enrollment, secondary (gross), gender parity index (GPI)","School enrollment, tertiary (% gross)",Tax revenue (% of GDP),Total debt service (% of GNI),Trade (% of GDP),"Unemployment, female (% of female labor force) (modeled ILO estimate)","Unemployment, male (% of male labor force) (modeled ILO estimate)","Unemployment, total (% of total labor force) (modeled ILO estimate)",Urban population (% of total population),Urban population growth (annual %)
1960,,,,203.0,81.8521844913725,5.30405274895297,76.5481317424195,,57.4743123752637,,48.999,,,,,,,,,,,,21.624,,,,,,,,,,9.99668529799247,,427347708.333333,,,,6.742,,92.416303823044,,,,,,22255159273.9147,4274894083.33333,,429.398700910166,82.4812774116354,,,,,,,6.19158078945777,,,,,6.89426584038759,,,,86.2247230335863,,,9.30725837281466,,397875437.5,,,,6.97381556958263,,,,,,,,,43.178,44.718,43.98,,,5.30991079720513,,,,0.0,,178.6,102.5,261.7,,,,,,,,,42.0936008948176,54.9897155841024,2.91668352108,,,48.0009323027067,51828660.0,,,,,,,,,,,,,,,,19.3039436708071,,,,5.11217784881592,
1961,,,,205.154,82.4439922673821,5.28756951931438,77.1564227480677,72.827840516248,57.9882359513306,,49.131,,,14523696.0,1681.1,,,,,,,,20.909,,,,,,,,,,10.7823534063335,,519448541.666667,,,,6.78,2.61475886112725,93.188233782192,,24.29,,,,23603412614.6943,4817580375.0,6.05816082547616,442.754802776645,90.3685786294248,3.11041971905573,,,,,,6.35294149088275,,,,,7.72941134721944,,,,86.8352922913092,,,11.6999989681888,,563656854.166667,,,,6.79411774906471,6.25748157867088,,,,,,,,44.016,45.693,44.887,,,5.47058854207492,,,,,,173.3,100.6,255.1,,,,,,,,,42.2904709071724,54.811342207064,2.89818688576359,409.544042406084,2.8187180554552,48.0184531531937,53310348.0,,,,,,,,,,,,,,,,22.4823523745223,,,,5.27711092017363,5.99404818644028
1962,,,,206.494,83.1791268539365,5.28860607233469,77.8905207816018,72.8047937312745,57.0185740229353,,49.102,,,13408128.0,1514.0,,,,,,,,20.239,,,,,,,,,,10.7467512833228,,546086875.0,,,,6.806,3.14063045248342,88.0709337563346,,23.24,,,,24890514014.5217,5081413541.66667,5.45303096987814,453.534880895558,92.5894211769315,2.43477384125657,,,,,,6.31308914411734,,,,,11.9904086727836,,,,81.7578446122173,,,10.8080969923682,,549204104.166667,,,,7.96386176172682,0.0222234958223737,,,,,,,,44.926,46.539,45.765,,,5.44866514136384,,,,,,168.4,98.8,248.8,,,,,,,,,42.5215045618763,54.5913736932534,2.88712174487027,421.611323653684,2.90394064545035,48.0363229288921,54881146.0,,,,,,,,,,,,,,,,21.554848275691,,,,5.46558127424798,6.41313017812606
1963,,,,204.997,84.177851747402,5.3101737134468,78.8676780339552,72.827840516248,57.146668173399,,48.74,,,16042664.0,1749.4,,,,,,,,20.198,,,,,,,,,,9.98348512216024,,531067354.166667,,,,6.798,5.69436374201046,91.8171645374732,,26.31,,,,24777039582.3854,5319458562.5,-0.455894289969805,438.497510023828,94.1423742967849,-3.31559302385679,,,,,,6.9415589919198,,,,,9.85562867298552,,,,84.8756055455534,,,11.6562779409751,,620050875.0,,,,7.80459286326724,5.16405902184019,,,,,,,,44.767,46.608,45.722,,,5.35933146798841,,,,,,163.7,97.1,242.9,,,,,,,,,42.821478758416,54.2953449892276,2.88317625235641,434.08160098333,2.91486814980727,48.0524181451842,56504402.0,,,,,,,,,,,,,,,,21.6397630631354,,,,5.65604955464145,6.34037790191946
1964,,,,204.634,85.4267519317845,5.35405547417189,80.0726964576126,73.1351309825613,53.3568366475041,,48.363,,,15842004.0,1691.8,,,,,,,,19.373,,,,,,,,,,10.0284124165217,,540135791.666667,,,,6.785,5.20833333333333,92.1182771100022,,26.51,,,,27490816335.8173,5386054833.33333,10.9527885460584,472.526377856783,92.5782977938389,7.76033319575897,,,,,,8.3605179907656,,,,,11.9751662541869,,,,83.7577591192366,,,14.1218553939094,,760610875.0,,,,10.4230244561503,-8.74322462414321,,,,,,,,45.876,47.562,46.752,,,5.5140487182192,,,,,,159.4,95.5,237.7,,,,,,,,,43.1829260403782,53.9296505083629,2.88742345125891,446.941491895214,2.91951583062664,48.0675301799863,58178374.0,,,,,,,,,,,,,,,,24.1502678104311,,,,5.85493480642397,6.37543620568985
1965,,,,203.11,86.5174973455846,5.40639799727864,81.111099348306,74.0339555965276,52.8186947728848,,47.973,,,15852140.0,1670.0,,,,,,,,19.783,,,,,,,,,,9.66271640919629,,570741562.5,,,,6.771,6.17523071664578,92.2276056517583,,26.68,,,,27932389835.4113,5906636791.66667,1.60625822892978,466.297416230715,98.6041470420746,-1.31822516540159,,,,,,9.0581969154006,,,,,11.4762752432939,,,,,,,13.3665973042485,,789516354.166667,,,,10.723024748933,7.93170495657343,,,,,,,,44.945,47.077,46.046,,,5.44547371899447,,,,0.0,,155.9,94.1,233.4,,,,,,,,0.123,43.4871261423914,53.6142728822472,2.89860097536132,460.186824921257,2.92048527314111,48.0799279910082,59902519.0,,,,,,,,,,,,,,,,23.0293137134448,,,,6.06504811958475,6.44625378486837
1966,,,,201.815,87.4053826994355,5.46534707984148,81.940035619594,74.1338249980794,53.9473705792359,,47.689,,,14464297.0,1570.8,,,,,,,,18.59,,,,,,,,,,10.2842808274445,,662275583.333333,,,,6.766,8.61559445328484,93.3506430275766,,25.64,,,,28649361769.9512,6439687854.16667,2.56681200128088,464.560595017134,104.42205467886,-0.372470692121908,,,,,,12.9510654302968,,,,,9.01689829253079,,,,,,,12.6518221475519,,814737854.166667,,,,10.3150855684753,6.29618883406606,,,,,,,,46.715,48.504,47.644,,,5.99806408189098,,,,,,153.1,93.2,230.1,,,,,,,,,43.7234166402552,53.3602607194861,2.91632264025869,473.763586079742,2.90758855629955,48.0909847519222,61669806.0,,,,,,,,,,,,,,,,22.9361029749964,,,,6.28920058411298,6.53673209930268
1967,,,,201.408,88.2554420914752,5.53585322989267,82.7195888615826,74.4795267726819,55.8524783666106,,47.559,,,16876448.0,1681.5,,,,,,,,18.261,,,,,,,,,,9.30614212330159,,675028062.5,,,,6.79,10.8560443288477,92.5808717449419,,28.97,,,,28111938729.2916,7253575687.5,-1.8758639196746,442.631515109653,114.209881696109,-4.72039172988215,,,,,,11.2048757860753,,,,,10.7087041177763,,,,,,,12.5957179860198,,913639937.5,,,,8.10282841164145,14.7919634515746,,,,,,,,47.106,48.955,48.066,,,5.58290341821156,,,,,,151.0,92.6,227.9,,,,,,,,,43.9400787535329,53.119313946103,2.94060730036406,487.907574709995,2.94175581030493,48.1043364993134,63510929.0,,,,,,,,,,,,,,,,21.9018601093214,,,,6.53020328999785,6.70216655728122
1968,,,,201.167,89.0204296272206,5.61213008520188,83.4082995420187,74.2797879695783,53.555739970899,,47.337,,,17160028.0,1727.9,,,,,,,,18.003,,,,,,,,,,8.33080893013733,,623451562.5,,,,6.791,12.2324159021407,89.1207211713807,,29.67,,,,30779608227.8708,7483685770.83333,9.48945401549118,470.576662620963,114.414967470375,6.313411168743,,,,,,11.9774314526507,,,,,14.154801345283,,,,,,,11.606331446801,,868581375.0,,,,9.26234551475759,-5.7695843810757,,,,,,,,47.405,49.323,48.4,,,6.15343820235504,,,,,,149.7,92.6,226.8,,,,,,,,,44.1266056301499,52.904334307787,2.96906006206309,502.483490819697,2.94367934740019,48.1163377551795,65408276.0,,,,,,,,,,,,,,,,19.9371403769383,,,,6.79086732722856,6.85772791426314
1969,,,,206.313,89.8048773952439,5.69458635217797,84.1102910430659,74.3258815395252,55.4128189249571,,47.322,,,18187398.0,1724.7,,,,,,,,17.81,,,,,,,,,,8.14599241256528,,690047541.666667,,,,6.806,14.7219069239501,91.0109726754256,,30.9,,,,31155383509.3056,8471006437.5,1.22085790908322,462.973250718686,125.880311698198,-1.61576476400852,,,,,,13.2543821183939,,,,,12.5083636694694,,,,,,,11.6653287574603,,988170750.0,,,,9.18640400926977,11.8277158013198,,,,,,,,47.654,49.645,48.686,,,5.85106365841629,,,,,,148.9,92.8,226.5,,,,,,,,,44.3140834009562,52.6856847437628,3.00023185528099,516.971137742952,2.84242612307535,48.1251255588656,67294133.0,,,,,,,,,,,,,,,,19.8113211700256,,,,7.0740037857943,6.92723744417291
1970,,51.62585,,212.25,90.3368937045133,5.76567686865053,84.5712168358628,74.4948912959975,54.5614999911132,,47.379,,,16905215.0,1666.2,,,,,,,,22.15,,,,,,,,,,8.31311289260521,,747575145.833333,,,,6.839,16.2045943193391,92.8497142309504,,29.49,,,,32906270043.7907,8992722166.66667,5.61985229282153,476.495758008963,130.218160844955,2.92079667006378,,,,,,13.3772410923478,,,,,11.3446569376759,,,0.155100002884865,,,,12.5074840612315,,1124763291.66667,,,,8.72908283074018,0.510309048628059,,,,,,,,40.709,44.6,42.667,,,5.80468283491393,,,,0.0,,165.3,93.9,270.7,,,,,,,,0.119,44.4323822762613,52.5384221144751,3.02919560926363,530.528493508489,2.5886620743881,48.1124082294165,69058894.0,,,,,,,,,53.3235816955566,0.490260004997253,,,1.99936997890472,,,20.8205969538367,,,,7.38242375568427,6.85618615407865
1971,,,,216.719,90.5659432374184,5.69577932552109,84.8701639118973,74.4795267726819,51.0313112066753,,47.599,,,15088878.0,1583.1,,,,,,,,39.876,,,,,,,,,,6.29148731724424,,550621104.166667,,,,6.831,12.9229376485233,96.2082699184179,,27.39,,,,31103176561.8473,8751843187.5,-5.47948302722807,442.581266509865,124.533963099152,-7.11748025644755,,,,,,,,,,,8.22782728437302,,,,,,,10.7275845200351,,938861375.0,,,,7.68383878031331,2.96325493220053,,,,,,,,32.715,22.803,26.522,,,5.48521834827875,,,,,,205.7,95.9,366.7,,15359999.6566772,7.86884258502912,,,,,,44.5358510666083,52.4752731729936,2.98887576039808,539.884443420143,1.74814557140031,48.3047759786418,70276758.0,,,,,,,,,49.6528205871582,0.486090004444122,,,,,,17.0190718372794,,,,7.71893832688767,6.20563916893144
1972,,,,221.744,91.1029739650122,5.65442085515595,85.4485531098562,76.7534762234002,59.6099059973143,,48.217,,,15323537.0,1554.5,,,,,,,,17.073,,,,,,,,,,5.6747304028231,,356841000.0,,78648255.0,146504255.0,6.816,19.9393408518559,103.360132345546,,27.03,0.00143124174703601,90000.0,,26756903051.3733,6288245866.66667,-13.9737287020561,373.483189983357,87.773765191476,-15.6125172381123,,,,,,,,,,,4.69769640474618,,,,,,,13.7325591531154,,863537083.333333,,,,6.06410210550716,4.40201965202864,,,,,,,,48.58,50.656,49.647,,,3.98384815063635,,,,,,148.4,93.9,227.7,,223759994.506836,7.7001841681495,,,,,,44.7133560917378,52.3278093810378,2.95883452722436,550.368894522547,1.92336477179015,48.5056312108625,71641519.0,,,,,,,,,62.1303291320801,0.55146998167038,,,2.14808988571167,,,19.4072895559385,,,,8.08635858939368,6.57352388911351
1973,,72.03309,101.216171220743,226.357,91.7058318260676,5.75929112448353,85.9465407015841,76.7381117000845,56.6388529969867,490000.0,47.866,,,18021512.0,1785.2,,,,,,,,16.987,,,,,,,,,,6.53940933400325,,528824097.159748,6.1398965778989,421896516.2,497826100.3,6.8,19.9335231628518,96.6038309453899,,29.8,0.0289363084432292,2339999.9,,27646752077.9687,8086725729.3407,3.32568019881434,375.01209712721,109.691726756912,0.409364379671672,,,8108053514.97237,110.0,,3.93877814067019,,,,,8.71200689758102,,,,,,,11.8552471769742,,958701323.737309,,,,12.1103374893782,61.4057832765998,,,,,,,,48.844,50.924,49.914,,,8.52176953455938,,0.656720536673466,48606800.1313768,,,148.0,94.3,227.6,5.19816501509782,421470001.220703,7.84981599931742,,,,,,44.8325129437779,52.1632540354754,3.00423302074675,566.353952523623,2.86304698541463,48.4982032707772,73722294.0,,,,,,,,,73.6609878540039,0.551769971847534,18.770450592041,0.348639994859695,2.13984990119934,,0.125965583245596,18.3946565109774,,,,8.48749563319151,7.70458753353445
1974,,,152.850226851241,229.604,92.1575287721254,5.86486339734746,86.2926653747779,76.7381117000845,56.6365531249665,431400.0,47.773,13.7283185562234,,17105414.0,1708.4,,,,,,,,17.282,,,,,,,,,,3.70107546471338,,463095606.326889,10.0415093953776,1092747747.5,1257484131.2,6.778,14.1398532471799,99.2726129129395,,29.0,0.0175824730598327,2200000.0,,30298616455.7662,12512460519.7088,9.59195630039562,399.510508130505,164.986393602814,6.5326988625076,,,12522859678.6342,140.0,,4.64272057478671,,,,,7.37485722304406,,,,,,,10.348545600697,,1294857682.65127,,,,13.3727281578377,44.5427168978939,,,,,,,,48.6,50.517,49.589,,,9.25132371561462,,0.604303491769365,72298235.0382714,,2.61180768930811,147.2,94.6,226.8,4.24335996956882,531390014.648438,8.22600224121538,,,,,,44.9072521358388,52.0406356344245,3.05211222973668,582.617715295383,2.83120108031118,48.4922753883944,75839348.0,,,,,,,,,71.5374069213867,0.514970004558563,,,2.67875003814697,,0.220385871983276,14.0496210654104,,,,8.95617235414869,8.20610942046997
1975,,,229.554717812514,223.57,92.4623139801805,5.98499377208465,86.4773202080959,76.853345624952,61.9541391335466,490500.0,47.216,8.35372754425218,5.38527872782016,19322564.0,1831.6,,,,,,,,16.578,,,,,,,,,,2.89507889386174,,563045020.279405,8.64450824886865,1476222179.8,1680485423.5,6.728,23.5574146981627,99.0575625296753,,31.91,0.00793554956015196,1543333.3,,29059944148.1974,19448348073.4565,-4.08821409181246,373.260373696999,249.804254016022,-6.57057421501683,,,19439919254.1685,190.0,,3.16378396543982,,,,,6.14790581498772,,,,,,,8.10054723852476,,1575422622.80306,,,,11.6110473057592,80.5697564038071,,,,,,,,49.581,51.609,50.627,,,7.04227568039498,,0.844783330921373,80830559.4733651,0.0,1.91711979022559,145.9,94.6,225.2,5.42790348002436,1055180053.71094,12.186180036989,,,,,,44.9320799355972,51.9582242228069,3.1096958415959,598.0974955827,2.62225253859974,48.5038414872921,77854351.0,,,,,,,,,75.4889602661133,0.537230014801025,,,,,0.553155109823522,10.9956261323865,,,,9.63451603110182,9.92316208471876
1976,,76.7823,115.915634083737,222.087,92.5308826937426,6.11372023781683,86.4171624559258,76.807252055005,51.9144569344659,453300.0,46.831,11.4180637610575,18.958427239,17908126.0,1769.0,,,,-2.73115105375931,-276313647.413357,,,16.379,7.65379975874548,,,,,,,,,4.74608176819018,467262944.98313,480166471.380471,19.7321173387158,1715457427.3,1993989051.5,6.66,26.630882031079,102.978749351542,,30.63,0.0535725925115662,5419999.9,,30705132551.2905,10117113333.3333,5.66136120118878,384.509552028714,126.693044204437,3.01376173963934,,,10105296949.4949,180.0,,4.06794100708768,,399293223.918071,816442562.297073,,9.91136204173915,,-0.840906615995765,,,,,17.6361931614715,947869209.933615,1784273649.83165,,,,14.4492027919251,-17.6304192925882,,,,,,,10.2064285714286,49.913,51.926,50.951,,,9.28392298429997,,1.52367897526514,105287729.075513,0.0,2.9654058240605,144.2,94.2,222.8,4.86685349294138,491809997.558594,15.3991686037548,,,0.185440982243288,18761274.34,,44.8848315900514,51.9397192808123,3.17544912913627,613.469447645387,2.53766860687182,48.5336793724871,79855318.0,,,,,41.9303894042969,33.7950583515742,,,76.7479705810547,0.543429970741272,16.5570602416992,0.338360011577606,2.15117001533508,,1.37358952927096,22.3822749296616,,,,10.5513364356921,11.6277103100667
1977,,73.18313,105.721567746665,219.296,92.6020984613785,6.24109050260193,86.3610079587766,76.7534762234002,48.898056925939,470300.0,46.409,14.2546768180605,24.0655458657837,19772481.0,1923.7,,,,-2.91113742780807,-280958219.540509,,,16.171,7.9372738238842,,,,,,,,,7.04075196547742,540578504.851808,679513484.162896,24.2664578666894,2050904857.0,2331728887.3,6.583,37.3375314861461,93.8174764690049,,32.63,0.072322992647562,6980000.0,,31525897954.6263,9651149301.8746,2.67305605004213,385.08552032014,117.887771379224,0.149792973513058,,,9608855565.61086,160.0,,5.08923904100949,,476434798.670093,1019059910.67046,,11.5232177984098,,10.0399226067437,,,,,12.3814462328921,1203948393.86613,1194951861.66774,,,,16.7290739025876,-3.21015592855957,,,,,,,10.2064285714286,50.241,52.228,51.265,,,11.2262091855441,,1.56997781312899,128522908.761231,0.0,4.98964256844788,141.8,93.5,219.4,8.03862621969853,772419982.910156,15.3750999994167,,,0.817260573667425,78875038.15,,44.8390796646085,51.9205146022744,3.240405733117,628.925743258815,2.48827316770837,48.5642857198697,81867264.0,,,,,30.6567192077637,13.861562262757,,,71.0651702880859,0.608430027961731,16.6743297576904,0.27963000535965,2.39165997505188,,1.47993523088157,19.4221981983695,,,,11.6027057458323,11.9868586543656
1978,,72.14783,143.323648089771,211.276,92.7183786870837,6.36414573419595,86.3542329528878,76.7227471767688,54.2503083024678,544200.0,45.909,13.3864442139578,26.3124509578202,19984399.0,1926.9,,,,-2.89047855609156,-383906631.134301,,,15.935,7.9372738238842,,,,,,,,,5.55766316100946,650265105.979098,738155879.62963,21.3026197551157,2448475243.5,2820088627.0,6.509,39.0367123287671,98.3763900919046,,33.78,0.0579742131990397,7700000.0,,33755988819.6807,13281767142.8571,7.07383773259727,402.385595931712,158.324255152285,4.49252820443358,,,13238224497.3545,150.0,,4.87557087798912,,549261812.820153,1339600096.8624,,11.5467985472657,,5.70444354275005,,,,,15.4808518001798,1592743646.66768,2056130687.83069,,,,14.3097126896709,25.6188855872458,,,,,,,10.2064285714286,50.594,52.539,51.596,,,9.91099604825247,,1.26898518073211,134871031.705263,0.0,4.53405314575359,139.0,92.4,215.3,7.24205856226954,958719970.703125,15.01611666575,,,0.869126601591419,115435371.4,,44.8085100600306,51.8891864557078,3.30230348426156,644.46228009526,2.44031003262387,48.5951205783359,83889655.0,,,,,,-12.269219666905,,,68.6552963256836,0.606620013713837,,,1.97737002372742,,1.04151032887796,21.0385149611892,,,,12.6997238964727,11.4745042359653
1979,,,165.974920404036,215.396,92.9139846796321,6.47941488172274,86.4345697979093,76.6920181301375,52.4520120556112,624200.0,45.597,13.906028173072,22.5483303388425,19658591.0,1870.9,,,,-2.67224064450433,-415947091.675333,,,15.686,7.9372738238842,,,,,,,,,6.10921948081309,788218311.366229,950929356.110381,19.098370779502,2511352006.3,2967069235.7,6.421,44.6759157710024,98.4847524548075,,33.56,-0.0514600239396866,-8009999.9,,35376828058.6038,15565480321.9448,4.80163460054837,411.669266520237,181.130706703135,2.30715778158729,,,15535719093.2983,170.0,,6.28376859918816,,655590632.947201,1725772205.5164,1.13092994689941,11.2038721266497,,7.07628151550278,,,,,15.7978440622703,2097981212.36143,2459010308.8042,,,,15.6864548108505,12.5645059899639,,,,,,,10.2064285714286,50.992,52.867,51.959,,,9.86145158663692,,0.934292961052104,136251932.925634,0.0,5.33944577287344,135.8,90.9,210.6,7.22322569667869,1122180053.71094,15.5519249993333,,,1.09947588420206,171138702.4,,44.8047198052311,51.8365734995636,3.35870669520534,660.175708688638,2.40897300494193,48.6260161625279,85935072.0,,,,,,-2.09486764748523,,,66.4933013916016,0.605199992656708,16.9423198699951,0.263399988412857,2.90539002418518,,1.27987963612044,21.9070635430834,,,,13.7534908225636,10.3802085724919
1980,,,189.430685675337,214.897,93.1831544484013,6.5832692655661,86.5998851828352,76.7227471767688,32.8238918515406,613700.0,45.165,14.1968893463496,20.9969554672584,21698327.0,2005.8,,,,-3.8710788966539,-702138190.804775,,,15.449,9.3546441495778,,,,,,,,,5.49428379105126,1004709656.55104,996555891.472868,20.9409089112837,3166017459.9,3802228595.2,6.326,45.6844644227607,97.9492722338368,,34.11,0.0469179450068916,8509999.9,,35666614469.1264,18138049095.6072,0.819141868916631,405.226770259517,206.075714312155,-1.56496896529997,,,18156941569.7674,210.0,,6.14104064791632,,793230497.814336,2352840028.71341,0.937600016593933,14.4393912962956,14.4393912962956,8.33293131362959,0.215800002217293,,,,17.8829473211837,2834015338.53334,3243617764.85788,,,,20.1166762234798,17.55506709007,,,,,,,10.5157142857143,51.365,53.134,52.278,,,14.4874848007493,,0.857420859311264,167255351.167634,0.0,5.77134166972366,132.7,89.0,205.8,6.77046877014043,1229310058.59375,15.4540583325,,,1.86716193243749,338666748.0,0.12,44.8278660331736,51.7643475468555,3.40778641997091,676.165260812783,2.39314899487113,48.6570371314302,88016432.0,,,,,,-5.98813218230924,,,64.1930084228516,0.604709982872009,18.8754196166992,0.329840004444122,2.93219995498657,,1.31484011105433,23.377231112235,,,,14.6751064590553,8.87914530263921
1981,,68.55957,210.185013056085,212.288,93.3943494726898,6.65779239138689,86.7365570813029,76.6766536068218,31.9515169185203,591400.0,44.581,14.0728965183752,16.8151805246152,21591389.0,1937.5,,,,-5.0204218554513,-1016620063.36091,,,15.14,13.6067551266586,,,,,,,,,5.13086315280464,1001600803.94111,1038984088.1273,20.442718194955,3516928364.0,4209310810.8,6.237,43.9156877813152,85.161085589942,,33.87,0.0264695357833656,5360000.0,,38246717277.6993,20249694002.448,7.23394369489792,423.537122867473,224.241392391192,4.51854466481316,,,20590758873.929,240.0,,4.39132011605416,,790466640.274845,2434769616.91884,1.07149994373322,17.1557664410058,17.1557664410058,21.1431820523845,0.225199997425079,80.7697654738878,1.0,,14.1162959381044,2898256086.48137,2858506731.94614,,,,19.8059719535783,9.89469031190922,,,,,,,11.1342857142857,51.782,53.437,52.638,17.9699993133545,29.2299995422363,13.9820652248549,,0.915831691308672,174106138.716989,0.0,6.77674685686654,129.4,86.9,200.7,5.12020972863409,1054290039.0625,17.9866916658333,,,1.88176746993774,381052154.5,,44.8495821093283,51.7078191924177,3.44259869825406,693.732081124683,2.56483208942694,48.6782541973501,90303105.0,,,,,26.6342601776123,1.12798479968249,,,62.3527908325195,0.694850027561188,16.7868995666504,0.239620000123978,2.92474007606506,,0.958433613390875,19.2471590909091,,,,15.3936634620895,7.34516638261486
1982,,,186.966795726541,207.246,93.3776849071035,6.6968726235894,86.6808122835141,76.6536068218484,31.4416963304952,621500.0,43.958,14.0575732190524,12.0783259313982,22339648.0,1997.9,,,,-2.70261503542757,-500670224.195334,,,14.805,13.6067551266586,,,,,,,,,5.07529986612758,986625599.105868,940219560.878244,26.2126014488343,4183903175.6,4940329805.1,6.118,50.6677284710018,85.2190847652115,,35.11,0.0375700405927019,6960000.0,,39063027610.8276,18525399201.5968,2.13432783577548,420.872004532951,199.595944646851,-0.629252594549101,,,18847155688.6228,230.0,,4.43233517127319,,768435438.547355,2221081893.70605,1.01163995265961,17.3632790930077,17.3632790930077,23.5284822468067,,80.7867495939383,1.0,1.0,15.5316243276076,2660816869.93373,2877295409.18164,,,,20.04288227039,9.85581246334655,,,,,,,11.1342857142857,52.236,53.727,53.012,,,13.9391493975741,,1.06086968537316,184674562.508557,0.0,7.15570951032865,126.1,84.5,195.5,6.91918700006427,1304069946.28906,22.1178833323333,,,2.84184798595121,526463684.1,,44.8246196299067,51.7122751711232,3.46310519897016,713.025328416686,2.74311077918066,48.6875279098342,92814507.0,,,,,,1.16377387984429,,,63.5465202331543,0.707409977912903,,,3.59085988998413,,1.16579414278747,20.6069241937352,,,,16.0067506349457,6.64857211745844
1983,,65.58304,175.435839181528,200.392,93.1155898082048,6.71759999774748,86.3979898104574,76.5460551586387,31.0460304619363,623000.0,42.644,17.5057063846976,40.3415688483692,22990185.0,2205.6,,,,-0.26009532576288,-45800312.8961519,,,14.384,13.6067551266586,,,,,,,,,5.60384903116941,939854200.152464,986784511.784512,29.5000793798598,4610914302.9,5346293426.4,5.906,59.7896358235229,87.9512226601433,,35.98,0.0022941532029319,403978.557545405,,40579081837.574,17609048821.5488,3.88104639980884,425.646571168568,184.70677287459,1.13444624118337,,,18122979797.9798,210.0,,4.3091271083747,25.9,723946923.529866,1930717075.24308,1.03267002105713,16.5627367701504,16.5627367701504,23.0995397210434,,83.6420955517686,1.0,1.0,14.7130315900677,2335792926.31739,2590824915.82492,35.8,9.7,,20.8716248676477,8.48775587837945,,,,,,,11.1342857142857,52.762,54.058,53.441,,,15.043679389375,,1.27067371198923,231804492.459502,0.0,9.03444385753996,122.6,81.9,189.9,5.48066609816751,993260009.765625,24.6154249995,,,3.64817267991137,642408508.3,,44.7390033862063,51.7824586941851,3.47853791960866,732.389605899977,2.67956773551459,48.696136278375,95335155.0,47.1,77.3,,,,2.43947329768085,,,64.5359268188477,0.605400025844574,20.1548004150391,,4.55327987670898,,1.17923371477699,20.3168806212371,,,,16.5856824227561,6.23249241059362
1984,,64.46519,183.770072741639,202.342,92.6993942974159,6.72782445667134,85.9715698407445,77.2835522777906,34.6986320797597,741800.0,41.735,21.104559839838,36.2996519770679,23256274.0,2134.6,,,,-2.52446691018841,-477650344.929692,,,13.998,13.6067551266586,,,,,,,,,3.39625513455005,1139222872.74446,642600000.0,28.488341241829,4946492994.7,5541814231.1,5.732,63.3370713119216,93.2229224495318,,36.27,-0.00292412703814179,-553269.398283548,,42528220939.5754,18920840000.0,4.80331001525171,434.782351604307,193.435020976238,2.14633009039818,,,19452920000.0,200.0,,4.34462740554859,,931742139.013261,2340009095.30724,1.22302997112274,16.4842575699599,16.4842575699599,16.2948905366178,,88.8782950439832,1.0,1.0,13.4154720403534,2818017935.19368,2538320000.0,,,,21.4305495950497,7.87556634908888,,,,,,,11.1342857142857,53.263,54.328,53.826,,,15.603925603303,,1.17804196040112,244337571.539817,0.0,12.5546223106374,119.1,79.3,184.1,5.70114943701254,1109040039.0625,25.3539333850833,,,2.64653898029897,500747406.0,,44.6143435760127,51.8942990789365,3.49135734505086,751.440162863947,2.5678961557477,48.7084870018766,97814966.0,,,,,,3.02081321608222,,,63.8214492797852,0.696850001811981,20.423620223999,0.417340010404587,5.03801012039185,,1.47150681954174,16.8117271749034,,,,17.1288583407786,5.79038114965168
1985,,62.89953,209.015046122178,197.142,92.1455045426735,6.72676608186451,85.418738460809,77.0300376430821,33.0067315667626,845300.0,40.685,19.5926033985971,13.6823968986968,24134965.0,2148.5,,,,-2.04311325466852,-455173414.815745,,,13.771,13.6067551266586,,,,,,,,,5.38447860037049,1237344493.28887,1199576923.07692,28.8235021829114,5875143938.6,6530064193.2,5.539,59.0780157342657,85.4856112934385,,37.6,-0.0298943959229265,-6660000.0,,43949520315.5326,22278423076.9231,3.34201465416713,438.382478828439,222.22018039634,0.828029751172664,,,22655346153.8462,200.0,,4.03063329644585,26.9,999457038.627625,2286425080.49785,1.27118003368378,15.8309437037216,15.8309437037216,21.5202936429301,0.287800014019012,81.4549779969926,2.0,1.0,12.8377060246289,2764371890.62775,2860038461.53846,37.2,10.0,,20.3216634239062,18.4951156996356,,,,,,,11.1342857142857,53.437,54.381,53.937,,,14.4580700933466,926.0,1.0542727837491,224948007.05318,0.0,13.0395225459612,115.4,76.9,178.0,4.33782822529578,982750000.0,27.9945916666667,,,2.25541714853454,502471374.5,0.154,44.4552364959641,52.0438925896344,3.50087091440152,770.176115848506,2.4627628154011,48.7238861088454,100253825.0,41.4,71.9,,,,-6.2119269152058,,,62.4421882629395,0.692030012607574,19.8446998596191,0.404430001974106,5.20755004882812,,1.44230550873541,18.2221846249994,,,,17.6403224651566,5.40502925342994
1986,,62.08812,199.840128212344,193.171,91.3721698738457,6.71321477181679,84.6589551020289,77.1375893062918,32.3691528885324,852400.0,39.38,20.1979115796951,16.256344283096,24266331.0,2146.6,,24.2800028287658,,-2.87122454357183,-625181389.192179,,,13.218,13.6067551266586,,,,,,,,,5.18293196330185,1095032074.21785,1128533333.33333,35.6444024869945,7249992405.0,7913829647.5,5.302,67.3022595786486,84.7887621494104,,37.94,0.0111899311751012,2436499.3440436,,45783701931.1458,21774033333.3333,4.17338255900151,446.08025306417,212.14899385306,1.75594933819035,,,22202166666.6667,220.0,,4.20118152968138,,879997897.832679,2300712559.11738,1.34349000453949,16.1764548292232,16.1764548292232,22.7760645678477,,80.587580619729,4.0,3.0,11.8358105449764,2803726494.24526,2577133333.33333,,,,20.3790141468201,8.25440489427334,,,,,,,12.99,54.238,54.898,54.592,,,14.2232306378699,891.0,1.11219167555771,248796417.166614,0.0,12.7433135187019,111.6,74.6,171.6,5.80119053050849,1287989990.23438,30.4069,,,2.64665008029442,576282470.7,0.144,44.2378613138143,52.2542013991017,3.50793728708405,788.473319505262,2.34793582288977,48.7406968414421,102635572.0,,,,70.9,,4.37450569364977,,,62.4665412902832,0.691039979457855,19.3086490631104,0.469159990549088,5.1406397819519,,1.95573901871439,17.0187425082782,,,,18.1241188720337,5.05356098612716
1987,,61.20893,218.970390367273,192.732,90.2459848600441,6.68275793141332,83.5632269286308,77.7060766689713,32.6639009291872,861000.0,38.238,20.8107917938397,18.8104928867566,24304321.0,2202.1,,26.6775793190573,,-0.975865069282383,-237116009.329417,,,12.878,13.6067551266586,,,,,,,,,4.99004963895921,1324819825.82589,1212483870.96774,39.1603036422247,8823135432.2,9737967442.0,5.075,76.4252301028695,85.9015531590903,,38.0,0.0131907256034205,3205086.7621919,,47510847150.9471,24298032258.0645,3.77240185251682,452.659756923731,231.499584520483,1.4749596769563,,,24866935483.871,250.0,,4.14317368059806,,1076878928.04765,2445632544.11978,1.51364004611969,15.4734420283602,15.4734420283602,22.6253771914959,,81.7583794784922,9.0,6.0,11.6977479923371,2939820628.24878,2842322580.64516,,,,19.6008172704812,11.1196311686194,9.87469609126633,,,,,,14.8457142857143,54.608,55.152,54.899,,,13.4738066523374,884.0,1.1682325387956,288311839.747867,0.0,13.2145308461192,107.7,72.3,165.1,6.51065347819037,1619000000.0,30.9498333333333,,,3.07765209527122,747808898.9,,43.9237799348321,52.5635272250458,3.51269284012218,806.324736882538,2.23879919175218,48.7578179239035,104959291.0,,,,,,3.35321767891823,,,61.7505798339844,0.691850006580353,19.5772895812988,0.459659993648529,4.47925996780396,,2.05706727325442,16.6877976312963,,,,18.5842916375536,4.74611119122594
1988,,71.93169,233.859121808139,186.272,88.8599251003886,6.63643468366044,82.2234904167282,80.102942306215,31.3191777996177,1004900.0,36.944,21.484808836741,13.6588944531275,24449929.0,2235.8,,28.6551258370912,,-1.02651168165971,-272836596.925602,,,12.558,13.6067551266586,,,,,,,,,5.42830096531266,1568667896.20013,1442788415.29524,37.800824965731,9386544711.8,10275887393.3,4.849,81.4163783160323,86.221292349249,,38.63,0.00691614475605439,1838242.49913628,,48658831252.413,26579005558.3652,2.41625685565774,453.839236883479,247.901465967332,0.260566560580443,,,27184294000.5034,270.0,,4.16537536251982,28.8,1291023745.75443,2734413290.04116,,15.7359830693445,15.7359830693445,22.1958958405226,,82.0559169867292,16.0,13.0,12.2497633446486,3347529944.74004,3255865280.26073,38.6,9.4,,19.9362085702399,7.49583529710168,7.41276595744666,,,,,,14.8457142857143,54.913,55.406,55.174,,,13.4220311565061,881.0,1.24638809717465,331995586.627989,0.0,14.4149337063544,103.8,70.0,158.6,5.1228477198112,1392609985.35156,31.7332485981559,,,2.87302747133692,763622131.3,,43.5367587251372,52.9492958409219,3.51394543394092,823.661427364216,2.12729956278453,48.775027139604,107216008.0,51.1,77.5,,,,6.83736162270725,,,72.7272415161133,0.805660009384155,19.4372291564941,0.476990014314651,3.86227011680603,,1.8306056912524,17.6780643099612,,,,19.0248848378598,4.47041421134143
1989,,71.90344,248.096205859479,184.504,87.4129537467084,6.57834821707246,80.8346055296359,80.2258584927403,30.5616428363458,997400.0,36.221,22.878190439802,18.636552428634,27886213.0,2500.3,,30.3874656686181,,-3.82036356521577,-1099566160.5206,,,12.249,13.6067551266586,,,,,,,,,5.54014371794136,1639169507.2823,1594548385.95317,36.3751567848296,9914962123.9,10701050528.9,4.695,94.9393907672982,84.7167366783816,,42.28,0.000861339473035719,247908.273938643,,50039078963.9421,28781715188.8919,2.83658212908817,457.254334777705,263.005720827547,0.752490665566441,,,29418568811.1258,280.0,,4.15394423380197,,1304772234.27331,3300061977.06848,,16.1209144348967,16.1209144348967,22.3461680145497,,80.5627924445796,49.0,53.0,12.7850303011279,4026495196.77719,3679751008.08418,,,,19.7867069022062,8.337973249846,6.04547975596244,,,,,,14.8457142857143,55.259,55.743,55.514,,,12.905630532973,877.0,1.2908618013077,378796135.246148,0.0,15.9700311616172,99.9,67.7,152.2,5.03987819291523,1482660034.17969,32.27,,,2.63354545837677,757979553.2,,43.1318134171692,53.3581046564965,3.51008192633429,840.699078128601,2.04742252381831,48.7934856396606,109433799.0,,,,,43.2526016235352,6.00688829655354,,,72.5612869262695,0.81181001663208,19.3137493133545,0.493910014629364,3.81795001029968,,1.74116807513179,18.3251740190693,,,,19.4499425490959,4.25704917997747
1990,,74.92288,266.218550167246,178.305,85.9247940838611,6.50902652065697,79.4157675632042,79.7879695782438,30.4898330963098,1044100.0,35.141,22.4466391322843,10.3997729100629,27746673.0,2490.6,,32.2492201402459,,-1.25927364158709,-397909576.598945,,,11.962,13.6521109770808,46.0076053904037,,,,,114.23933585512,55.1938896180313,,5.90831648660892,2063969775.4556,1866929977.69423,38.132901218472,11510306592.7,12291780361.5,4.506,98.7332910321489,84.0937105405582,,42.68,0.0102498457488283,3238781.1889563,14.7524775293847,52852405164.9835,31598340778.2164,5.62225816160344,473.444821021085,283.053737055234,3.54080541439843,940.65447083893,105008754992.418,32234055025.2854,290.0,106551662534.896,4.05325016763114,,1672401690.28247,3259359364.02883,1.51911997795105,16.4586755151535,16.4586755151535,23.0244118634705,0.3041999936,80.0404603729271,69.0,65.0,13.0581855259296,3959810706.32955,4126169961.93496,,,0.0,20.1456258361335,6.53273529225868,6.12671846981458,,,24.207,56.777,36309221.0,14.8457142857143,55.574,56.05,55.822,,,13.2392185487661,870.0,1.22316502629369,373023438.959292,0.0,16.0740991530445,96.2,65.5,146.0,5.54972070070238,1788900024.41406,34.5688083333333,13.5555757063763,,2.46489398309466,778865600.6,0.177,42.713919487246,53.7851879463979,3.50089256635609,857.599423830376,1.9903336888239,48.8124703399422,111633717.0,,,,63.4,,7.8032155756163,11.4330056906363,71.7,75.4154434204102,0.84442001581192,19.8893508911133,0.508189976215363,4.3600001335144,,2.255405490962,18.9665020125385,,,,19.8635088474054,4.09435329632484
1991,14.29,,256.332313624483,170.848,84.324547486233,6.42244417613743,77.9021033100956,79.2809403088269,31.6770232352381,1020800.0,33.635,24.0087114615132,13.7080462134458,28326730.0,2585.8,,34.299420491319,,0.208651431216537,64593233.3294281,,,12.945,13.6634499396864,46.7891314472187,69.9213188544107,17.1824634040373,12.896217741552,55.666,110.466567421503,52.5684907070982,,6.66261196863293,2119707774.6452,2062577030.81232,41.1077239040266,12052093948.3,12997665568.6,4.261,107.021843367075,85.426820993694,,43.47,0.00449146424413688,1390444.32247979,14.7524759929323,54694431891.2081,30957483949.5798,3.48522781598027,480.673358976087,272.064948495878,1.52679628840617,987.313199448192,112343514642.75,31618548375.3501,300.0,114095549989.241,4.13633163394744,27.6,1688658600.65176,3074451943.34397,1.42566001415253,16.8959474633294,16.8959474633294,22.5604059246532,0.3080999851,81.2904893597465,74.0,68.0,12.2272149164418,3769730613.63806,3785238095.23809,37.4,9.6,,21.1195045357667,2.72953199538708,6.35736412278234,,,24.564,56.918,37393210.0,14.7683928571429,53.102,54.431,53.781,25.8400001525879,35.3199996948242,13.9871226949763,890.0,1.21442280200769,381720110.052258,0.0,15.9199092838791,92.5,63.2,139.8,5.09896897088425,1612219970.70313,36.5961833333333,13.4700478773285,,2.48523337346491,769365722.7,0.188,42.2635533344994,54.2521332535129,3.48431341198764,874.142344626258,1.91061096227259,48.8231557831666,113787109.0,51.2,77.8,56.6,73.6,,11.7189873524357,10.1330108827086,73.1,,,,,,,1.88486493790024,18.8898268850747,2.082,2.231,2.2,20.2666857869933,3.92002492658142
1992,9.90541934967041,,257.985356554961,170.559,82.6662303344695,6.32799155116521,76.3382387833043,73.3579165706384,30.5175252361271,1051500.0,32.404,24.8676501147129,12.0351247456094,28516927.0,2625.7,,35.5458878143966,,0.570158867838371,180790960.390377,,,11.243,11.8671692802573,56.2559438289877,69.7101823077397,16.1903802403853,14.0994480736563,55.795,114.342298793574,52.586105619955,,7.58667691037111,2581218358.86519,2405649867.37401,41.343960770498,12462815387.6,13427954471.8,4.027,116.013706586131,86.1355893082419,,43.97,0.0117375764038404,3721853.382288,14.75247445648,57671277832.2235,31708874594.1645,5.44268554966725,497.371173735323,273.465072520272,3.47383819956345,1044.89188613062,121157504599.86,32478635867.374,300.0,123305544162.741,4.45122187024089,,2097866552.17654,3353792986.97438,1.63177001476288,17.3050292766937,17.3050292766937,21.9940038300745,,81.684367438001,66.0,69.0,12.3473285920799,4142568971.95168,3915198938.99204,,,,21.71789053342,2.58216189991052,3.63407691798491,,,24.977,57.069,38518429.0,13.9178571428571,56.404,56.77,56.592,,,14.3974636880063,827.0,1.36050314985351,427723624.979361,0.000224674,14.5455434030437,88.9,60.8,133.7,4.61426406741273,1498650024.41406,38.9507583333333,13.5099932522065,,2.87540936210898,911759948.7,,41.7911066389806,54.7446561197595,3.4642372412599,890.775078743182,1.8848730627462,48.8371806618126,115952192.0,,,,71.5,,11.0503571312982,8.94985383404542,71.6,,,,,,,1.62741921415167,19.9340055024511,2.067,2.278,2.233,20.6483331421589,3.75048815018394
1993,12.7178802490234,,265.911945849353,167.118,80.9683342071102,6.2379732490545,74.7303609580557,72.5666436198817,27.3210858173117,1083100.0,31.405,26.2049500333029,10.5142057495778,28177410.0,2647.7,,36.6175318517239,,1.08321175697211,359263637.714099,,,10.876,9.27338158423804,62.7601107774364,69.3954755143827,15.0863558499951,15.5181686356221,55.897,117.010113116711,52.3579663296195,,9.01726903574974,3074085651.08407,2990714285.71429,41.4603414935952,13290060170.6,14125214056.8,3.832,111.166588290618,87.700716393226,,43.92,0.0423616549795556,14049886.524576,14.7524729200277,60388495684.6196,33166519417.9894,4.71156172453999,511.193509421294,280.757274450366,2.7790785666494,1099.38588803798,129873049504.622,34069217830.6878,300.0,132454587644.194,4.95383869591304,,2544671068.93268,3657270507.97475,1.69262003898621,17.9468320109013,17.9468320109013,20.901202135505,,82.746877697313,74.0,74.0,14.1043140341485,4589425004.07468,4677910052.91005,,,,22.9342560517422,0.155518172723973,3.01481859989799,,,25.434,57.219,39681340.0,13.9178571428571,56.959,57.185,57.073,,,15.4125383554188,791.0,1.42939051496523,471044672.335061,0.000440844,15.2943169244381,85.2,58.5,127.4,3.42059509821644,1165369995.11719,39.5672575,13.21770129093,,3.03732522639564,1007375061.0,,41.2947166157744,55.2582858953369,3.44699748888875,907.523699777214,1.86277225280699,48.8632983471819,118132360.0,,,,69.2,,13.7409692658164,6.60438844232023,70.5,,,,,,,1.51615440268407,23.1215830698982,2.085,2.372,2.31,21.002845267132,3.56510475589688
1994,17.8,,266.83260080536,163.261,79.1811023453225,6.1481436902179,73.0329586551046,71.8906045939925,26.7255375508155,1215900.0,31.084,28.9521640750639,19.3340029829848,26325480.0,2475.9,,38.5632923178032,,0.590988260289111,199568821.474148,,,10.517,7.26071572175312,66.5845797542044,68.8756055871034,14.1068549771936,17.017539435703,56.015,121.494605858892,53.3082826068161,,9.00154364628231,3524210922.06134,3039700748.12968,44.4817833582431,14626859288.4,15490545904.5,3.737,124.805780209324,86.8961488797552,,42.58,0.033012230974896,11147788.327757,14.7524713835753,62737684522.6707,33768660882.793,3.89012644116818,521.323144726555,280.603031791216,1.98156571211732,1145.110166087,137806197692.128,34824471356.6085,300.0,140952914093.505,4.88315945317799,,2934413942.29778,4350523387.95266,,18.402556188374,18.402556188374,22.4171600592844,0.3048999906,82.0129894265772,84.0,78.0,13.864320908288,5375556822.54406,4681795511.22194,,,,23.4699924276778,3.96621631555998,5.31374007936498,,,25.931,57.375,40903868.0,13.4539285714286,57.633,57.655,57.64,,,15.8694546558521,749.0,1.52902366386599,547417522.185003,0.000954894,16.2711918310691,81.5,56.1,121.2,3.97637048333032,1384750000.0,40.2117391666667,13.4546602234202,,3.40813403881952,1150881226.0,,40.7592976250029,55.8094563880517,3.43124598694538,924.507789813321,1.85417955110796,48.8904269347912,120343179.0,,,,67.3,,9.12576468789762,8.65699100572363,69.0,,,,,,,1.53432102020582,22.8658645545703,2.092,2.449,2.37,21.3383159101032,3.43882061867049
1995,18.3380451202393,,294.021062585102,160.034,77.3180471753385,6.06217767281237,71.2558695025262,72.0135207805178,27.3043698025967,1261400.0,30.355,28.827915737296,12.1487674978574,27704115.0,2593.2,,42.5344675825385,,-2.171548898913,-823880196.636125,,,10.147,6.85251306795336,73.4908059412871,68.0180874441069,13.3224654801919,18.6594470757012,56.129,128.845088533536,54.7879729494799,,10.864634213863,4431482121.62782,4122014925.37313,40.2456434408221,14914016246.4,15734744113.2,3.588,142.194193241314,86.8732099754156,,44.41,0.00499837818821925,1896372.12711772,14.752469847123,65950655693.3725,37939748768.6567,5.12127789724337,537.931946643983,309.458680823367,3.18589383291992,1206.36646705186,147900975216.151,39096763694.0298,320.0,151195041052.242,4.62988612520877,32.9,3733288293.67245,6057382131.99787,,19.1197958221399,19.1197958221399,22.1461544905179,,82.2433238502068,69.0,79.0,17.3448618625588,7588597247.81111,6580597014.92537,42.4,8.8,,23.5808244521571,7.14493870340395,10.2978117947206,156000.0,,26.467,57.533,42190668.0,12.99,58.362,58.146,58.244,,,15.9000068464472,707.0,1.56669314074255,620095155.928424,0.002122361,20.8817607372616,77.8,53.8,115.1,2.64244374147346,1033109985.35156,40.2783183333333,14.1199363687272,,3.16729631986545,1201664266.51586,0.201,40.1853452807687,56.3958391805832,3.41881553864805,941.848121687025,1.85825551797916,48.919549753398,122600370.0,43.4,69.6,50.1,65.8,,5.45528455877529,3.44253192670738,63.8,,,,,,,1.92238546362028,28.2094960764218,2.107,2.538,2.441,21.661231550566,3.36023154385928
1996,21.1443862915039,,351.681785077277,154.635,75.3994031467334,5.98604139561545,69.413361751118,71.6524544825997,23.266208049769,1252000.0,30.031,25.6338800863882,10.7342435469674,29620075.0,2694.2,,43.545566759,,-2.13490813503246,-991418974.998469,,,9.756,8.25948934459188,77.2051238990471,66.9869681996093,12.5285796104182,20.4844521899725,56.242,127.58062045112,52.8603059493078,,9.70650764952346,4614125018.07103,4507555012.22494,31.8346085535008,14489520831.9,15169074222.9,3.505,147.244824697858,83.5796126431686,,46.94,0.0291349551912919,13529831.5362585,14.7524690788968,68933550573.3629,46438484107.5795,4.52291921684423,552.077107138767,371.917937677345,2.62954460746047,1260.7548952152,157420603401.486,47649633251.8337,350.0,160847931622.764,4.72749921814699,,4008737692.99452,6262798752.15446,,20.7299506037379,20.7299506037379,23.1387940832004,,78.8521134250216,77.0,69.0,16.3695800738575,7450640620.08508,7601784841.0758,,,,21.6839165728619,19.1432131128285,2.37712902953223,166000.0,,27.021,57.69,43526326.0,12.99,59.194,58.719,58.94,,,14.0026451377167,664.0,1.5390735944898,638958844.832812,0.003336757,18.9119975738864,74.2,51.5,109.1,2.02494739001098,964880004.882813,41.7941683333333,14.4532407758534,,2.89557515603607,1344661208.65883,,39.574457130049,57.0127368192093,3.41280605074175,959.223930245064,1.82805195849607,48.9530929221322,124862179.0,,,,63.8,,-5.16455193045819,6.44064842252048,62.1,,,,,,,1.37442630027965,26.0760877233809,2.122,2.625,2.51,21.9780786680138,3.28019574444818
1997,22.4,,359.979803114294,154.369,73.5489308582297,5.92329582936759,67.6256350288621,71.9443804255973,23.2461437492233,1314700.0,30.377,25.9368786504287,9.74278713340029,29673515.0,2682.4,,45.8559208091063,,-0.59346471814869,-286312953.221846,,,9.402,9.20062324085243,79.112836217663,67.299389087438,12.6298697895125,20.0707525673887,56.277,130.68749269677,52.7903204336237,,10.5203705573506,5527210689.01858,5075480093.67682,28.7377820855822,13710476215.1,14257776105.5,3.502,132.205005959476,82.8599749906797,,47.83,0.288896567530213,139376153.115316,14.7524675424445,72028595646.2459,48244309133.4895,4.4898964976265,566.271140847632,379.284917709635,2.57102378007102,1315.46923329136,167325146303.572,49613348946.1358,370.0,171288891529.511,4.90298208959861,,4839709274.92482,6547213630.57064,1.95246994495392,21.8162145054057,21.8162145054057,24.397478698652,,77.9569929010812,78.0,72.0,15.8051428327327,7834422840.31881,7625081967.21311,,,0.000751,21.8626700944451,3.80023220091314,5.30560105668802,182000.0,,27.531,57.837,44900980.0,12.99,60.064,59.326,59.671,,,14.1197806636013,626.0,1.57166792587459,681915123.987305,0.021304625,19.9866312756307,70.5,49.4,103.0,1.73975360008688,863150024.414063,43.8921158333333,14.7481729192517,,3.1641028158335,1526499543.77216,0.2,38.9663221264533,57.6206370805022,3.41304079304443,977.168848428978,1.85349089461291,48.9894119383212,127198069.0,,,,59.6,,8.8533210419986,6.06341710237814,60.0,,,,,,,1.35963873559988,26.3255133900833,2.421,2.782,2.698,22.2953437419401,3.28672397227284
1998,26.7461929321289,,365.676950586215,154.148,71.8615027523664,5.877767091761,65.9837356606054,72.4744564799877,22.5874157614312,1152500.0,30.183,26.2325061615944,11.4140158859684,31577495.0,2865.3,,49.708844392463,,-0.0703537046583936,-35165989.3452837,,,9.037,9.30166666666667,84.0595893614998,67.5157915878368,12.7098261057715,19.7743823063916,56.289,132.229468311487,51.7519771017778,,11.7573312287186,5865374133.36452,5876850220.26432,30.16083573981,14936065155.5,15507392996.3,3.427,138.455169150698,81.3642891483229,,49.78,0.380236166897954,190059372.974749,14.7524660059922,75757535399.2044,49984559471.3656,5.1770268731498,584.448175174047,385.616881752796,3.20995244419584,1372.95383934707,177965478384.521,51415660792.9515,390.0,182218962472.602,5.12567978040796,,5140892902.68628,6713513691.35079,,22.1214128239602,22.1214128239602,25.8340547261519,,76.2386093679149,77.0,71.0,16.1227321741207,7952812742.283,8058876651.98238,,,0.00368,22.6607423702209,4.73621256184072,8.40223795613228,172000.0,,27.966,57.966,46289164.0,12.9325,60.954,59.963,60.429,,,14.8598311637206,589.0,1.56753519839217,701585600.35317,0.060313402,20.4966379485471,66.9,47.3,97.0,1.90515880314671,979549987.792969,46.9056516666666,15.2750071834195,,3.2125653790456,1605786652.44555,,38.3935521943609,58.186387813893,3.4200599917461,995.792671122378,1.88796139153147,49.026225272866,129622332.0,,,,59.3,,7.8256481093584,6.71479583915541,60.2,,,41.9298782348633,0.941640019416809,,,1.20681415356829,27.8800634028394,2.727,2.945,2.893,22.6195132518384,3.3314714907647
1999,29.5402145385742,,368.631654638545,151.983,70.313705784649,5.85048846946689,64.4632173151821,72.873934086195,22.6584111161909,1215400.0,29.865,27.8851595216238,15.4713469310962,36403000.0,3116.4,,52.7444123541293,,-0.710651968609123,-364355314.194404,,,8.643,9.4375,92.0761347916193,67.5690380756644,12.9451048472478,19.4858570770878,56.283,134.80626588897,51.3730560224229,,11.7586423857313,6235944784.90485,6028722961.73045,31.1302505036908,15812878155.3,16449663349.3,3.357,161.889521100047,81.272278607385,,56.47,0.350304290993083,179603006.318604,14.7524644695398,79295530763.5123,51270569883.5275,4.67015636882111,600.232323162952,388.095684268235,2.70069249240193,1429.9864525185,188912743218.433,52841410149.7504,400.0,193744439949.01,5.03961520253427,,5457697104.9781,7518730001.80586,2.13281989097595,22.7213703034657,22.7213703034657,26.6599568153793,0.3000000119,76.2326634048507,80.0,71.0,16.6292981713845,8932237754.38875,8525935940.09983,,,0.0362,22.3758655367007,3.78103773665002,6.10669589841958,173000.0,,28.345,58.076,47683629.0,13.0991666666667,61.893,60.67,61.244,,,14.3890950793257,554.0,1.58483439104611,737412573.607247,0.117549767,20.9872341323173,63.3,45.3,91.0,1.90272807231529,1005428344.72656,49.0854,15.6313618613601,,3.52403766089633,1806794191.65168,,37.8496946338957,58.715180480144,3.43512488596031,1014.88872243989,1.89951780093278,49.0627585832856,132108065.0,,,,59.9,,8.97864304812787,5.76470588235294,60.5,,,45.0674591064453,0.991900026798248,5.28646993637085,,1.30806030524389,28.3879405571158,3.033,3.105,3.088,22.957073677202,3.3808327497565
2000,32.0,,377.271681929373,152.641,68.8735107703625,5.84539079116541,63.0281199791971,72.2132595836214,22.7181480755923,1331369.0,29.589,30.5539892604712,19.3471284299834,39503000.0,3384.4,,53.9091441150379,456007.0,-0.573042663299639,-305831650.647999,1.80504513,8.27585602,8.276,8.68666666666667,99.2535514546941,67.5956893034896,13.0892190327164,19.3150811251213,56.261,135.945727032601,50.1102020178429,,12.3442012279919,7214255771.6245,6588073941.56231,28.312285791779,14989457889.5,15600564697.1,3.279,158.10754491018,79.9812218392765,,59.91,0.525362089236087,280384629.677982,14.7524629330875,83492876905.7611,53369787318.6245,5.29329471892532,620.560472822105,396.670730249751,3.38671358983686,1511.90500588844,203418206731.376,55101749155.2375,410.0,208928912198.485,4.97312138319291,33.4,6398441702.82782,8025436323.2082,2.12508010864258,23.8085625731369,23.8085625731369,27.7974576904575,,75.0081004560836,82.0,74.0,16.9775131339119,9673134659.72593,9060862651.56033,42.7,8.6,0.0710394,22.2793826819325,3.44665934914798,2.20825620937535,199000.0,,28.671,58.163,49048139.0,12.755,62.813,61.377,62.049,,,14.035315753916,523.0,1.3571191812402,740798160.005685,0.207367,21.7793890133235,59.8,43.2,85.4,1.77188616689002,976340270.996094,52.1416666666667,15.8119501250931,55.3086603889198,3.68659677566545,1967528858.46792,,37.3226802030851,59.2159179803854,3.46140181652951,1033.6045478989,1.82732806740512,49.1044135981824,134544304.0,41.4,66.5,48.9,51.1,,8.99820323770434,8.80736795383933,60.2,,,46.7210006713867,1.02983999252319,5.25165987014771,,1.40344475076703,29.3217143619038,3.331,3.251,3.27,23.3145114975244,3.37231349221847
2001,35.0,,373.945462492766,147.804,67.829792240324,5.86789252454913,61.9618997157749,72.2363063685949,21.8483405815259,1449980.0,29.174,40.2671476674779,42.997616972519,38029335.0,3311.0,,54.9911943003265,486289.0,-0.991687231894648,-535424727.721444,1.77201855,8.10025787,7.934,9.15333333333333,109.490963870613,63.6637662866904,14.4051473429778,21.9310884356931,56.105,148.255373268618,52.8812126394161,7.85279247057531,13.3865592080649,6836930334.24539,7227575982.20904,26.9258696430478,14410233960.6,14978802400.8,3.203,174.590268577623,79.3684976504872,,58.81,0.145443904569924,78527040.0772573,14.7278904509488,87732050538.1162,53991289844.3291,5.07728777526728,641.288922876274,394.65641001891,3.34027882244948,1597.58740614435,218559239143.377,55629781319.4959,420.0,224096107343.903,4.84565983723317,,6083646028.93574,8116709372.82042,2.17193007469177,24.1743067306933,24.1743067306933,28.4222904329444,,74.5228378132541,85.0,77.0,18.7114578649468,9654915991.55891,10102557449.9629,,,0.129808,22.5838118742213,3.26116013222439,2.0071737421384,207000.0,,28.878,58.206,50230500.0,12.82,63.703,62.077,62.836,40.8199996948242,47.4900016784668,14.1783570229665,495.0,1.28842277551655,705481695.212977,0.380101,24.179592705355,56.6,41.2,80.1,1.65099572695628,918445312.5,55.8066666666667,15.9680521186323,55.3150210020989,3.89794627098135,2104551469.14176,0.238,36.9194877873992,59.5841764337926,3.49633577880817,1050.97802873166,1.66689324749509,49.1781822045556,136805810.0,,,,53.2,,9.25695571842855,7.43451011959522,55.9,,,48.4609718322754,1.08193004131317,6.17244005203247,6.61116027143823,1.19826888797491,32.0980170730117,3.822,3.54,3.609,23.6999214768623,3.30647108329831
2002,37.8,,376.716240175324,142.0,67.1451832030454,5.91576715658698,61.2294160464584,71.8521932857033,20.5841344226366,1536102.0,28.526,42.740177242997,14.5004266360705,39341455.0,3395.0,,56.8238115576626,584220.0,1.35086830489484,739250272.000126,1.93417108,9.05402279,7.598,7.9075,117.271798889798,59.4219802137688,15.7360006499148,24.8420110083177,55.899,147.979643675058,51.6249861772033,7.88712372772849,12.4099689322019,6885020099.52858,6791241511.40519,29.3237754107195,15980821849.9,16687587182.1,3.126,188.639161517024,79.1610612688542,,60.55,0.0955793676464671,52304931.038967,14.70331796881,91094928770.2862,54724081490.5102,3.83312393993225,655.672139362272,393.886422327628,2.24286058481829,1658.80230934569,230463472736.244,56908044576.0056,420.0,238141390328.605,5.02264856478482,,5989425301.43919,7709385245.6814,2.01714992523193,24.3414161366729,24.3414161366729,30.7491764310818,,74.1384127040694,83.0,75.0,16.557411788963,9119863647.06223,9060891520.11144,,,0.13992,22.8392543728467,3.8928674350377,3.33256493271913,207000.0,59000000.0,28.98,58.207,51244757.0,12.6091666666667,64.548,62.753,63.591,,,14.3174375493986,465.0,1.04836646260037,681816161.719721,0.773751,26.2081249737496,53.6,39.4,75.3,1.41878355433687,807401977.539063,57.888,16.3358096112918,55.2936095914009,5.22266923917607,2858057770.42652,,36.6324742561662,59.8282267929633,3.53929895087049,1067.32471383575,1.54340635736975,49.2812440020834,138933658.0,,,,51.4,,8.38969935744544,6.56881864452183,54.4,,,49.6199493408203,1.1003999710083,5.91559982299805,6.69138419067813,1.24188572664116,28.9673807211649,4.327,3.848,3.966,24.1132383547332,3.2723310409713
2003,40.5,,408.638010979128,139.872,66.5127410987043,5.98364295448218,60.5290981442221,71.6601367442575,19.8127182977042,1587606.0,27.745,43.9885771769768,14.0682975492094,40015280.0,3479.3,,60.0449873584211,625160.0,0.218816448007947,131637632.009357,1.96152198,9.98434258,7.302,7.11,123.721051102441,54.813673700961,17.1419202198288,28.0444120847605,55.674,153.143093984627,51.7565027626964,7.83605027787651,11.4311486959413,7928264010.95381,6876856649.39551,29.4649511156153,17679803154.0,18440377575.4,3.029,160.266893534273,79.8143776904124,,62.25,0.44596078329809,268285231.831688,14.6787454866713,95412434316.9993,60158929188.2556,4.73956739963045,676.826252046427,426.74880754362,3.22632477639362,1746.12725782298,246152172425.973,62584110535.4059,440.0,254435833610.222,5.12829861719188,,6814326705.70284,9352938336.34435,2.06939005851746,24.6791888612834,24.6791888612834,30.164596698861,,74.6860790732206,87.0,76.0,16.2267362042167,11069917827.3672,9761830742.65976,,,0.163878,22.4741487860882,5.81581664789621,5.66870773441476,245000.0,59000000.0,29.055,58.187,52208969.0,12.0425,65.321,63.378,64.288,,,14.1454615609431,436.0,1.00263309760624,719442956.940887,0.968289,26.0386276764885,50.9,37.8,70.9,2.08005775490695,1301785644.53125,58.15004,16.9512003058494,55.268682349761,5.30538820275249,3191664732.05594,0.26,36.3510312308472,60.0554642158213,3.59350455333156,1082.97112237843,1.45530530506763,49.3900430169178,140970351.0,,,,47.8,,5.88445428042499,5.71793831168831,52.6,,,49.5259017944336,1.09967005252838,5.99128007888794,6.96521390375867,1.05322602424316,27.657884900158,4.83,4.153,4.32,24.5525557512625,3.26080093893616
2004,40.6,,437.779663617171,138.184,65.873127608104,6.06403552107259,59.8090920870314,71.6217254359684,19.2669595662859,1650276.0,26.994,45.6229943594212,14.1293203090175,37759046.0,3439.4,7.10902871040496,64.6009226216381,714420.0,-0.428022753319864,-278679383.745514,1.99854314,10.78997898,7.053,5.80166666666667,158.478288215597,53.1750741116125,17.6220890679826,29.2028328870851,55.646,154.242895346549,50.2119271944831,7.60497659759871,11.1465089461353,9117424421.48157,7257329709.52947,29.0231053050116,18698272322.6,19714073691.8,2.94,170.671374186418,78.8120868054287,,61.12,0.689472335587339,448905400.707684,14.6541730045325,100411600213.555,65108544250.0425,5.23953291029852,702.656357081873,455.614016909798,3.81635685042457,1861.51256285455,266015461711.794,67925445897.7408,490.0,275623066080.42,5.17438311061483,,7977826434.27743,11021263833.3797,1.94014000892639,24.9918339447004,24.9918339447004,31.5774006681765,,73.6377036948139,99.0,81.0,15.7117252031078,12972304903.622,10229675556.3105,,,0.199036,22.7797200060528,4.5621363796936,7.5875363850469,271000.0,76000000.0,29.123,58.156,53140734.0,10.3991666666667,66.01,63.94,64.912,,,14.44207318664,406.0,0.99885977372525,770641160.288967,1.94647,27.9134032883374,48.4,36.3,66.9,2.09243477979753,1421295654.29688,59.5126583333333,17.2603901698463,55.2403777535328,5.50437314918371,3583817227.52373,0.269,36.0571318324706,60.2870409402001,3.65582722732927,1097.8171314435,1.36154790691024,49.5043933901503,142902856.0,,,,50.5,,5.58235561080853,4.326149483492,52.0,,,46.3084297180176,1.02565002441406,5.55667018890381,7.04644841818552,0.961765885325941,26.8582341492431,5.958,3.772,4.316,25.0094809886101,3.20545305759678
2005,44.2,97.24423,461.19293360395,126.555,65.1910648619481,6.15323814564069,59.0378267163075,71.5295382960744,18.5710395455964,1634473.0,26.055,47.4210681471904,15.8133861572755,41146756.0,3681.6,7.06691162664906,69.1531029680564,808924.0,-0.250074173604546,-173741535.952961,2.05873919,11.31403732,6.824,5.53416666666667,169.186794867009,51.359688830833,18.2007969329369,30.4395142362302,55.65,159.825599702335,49.4569011635434,8.1426283401405,14.3928418979283,10551474004.9265,9999571015.39225,25.5020847255283,17438901410.0,18503086016.3,2.846,192.872642090988,78.9442862491544,,68.55,1.17065167448603,813321971.875195,14.6296005223938,106974447115.636,69476001239.419,6.53594493875502,739.203718353409,480.08585075452,5.20131368672413,2019.73839563431,292288029438.599,72555189959.7365,530.0,303102046601.958,5.18022516467283,33.2,9054546739.81248,12343724235.1304,,25.8304355145863,25.8304355145863,32.3594072568242,,73.7640610844816,93.0,88.0,20.0040929665367,14708233720.9777,13898043877.3656,42.5,8.8,0.241637,23.2998442190711,4.58636070641845,7.04661816222039,208000.0,82000000.0,29.194,58.12,54049068.0,10.615,66.668,64.476,65.509,,,14.743998758061,378.0,0.972810090266113,773677668.179153,6.21909,29.3438304968623,46.0,34.9,63.2,1.72505585665961,1251617553.71094,64.327475,17.5032087651317,55.2090208115445,6.21006213483214,4314502845.76467,0.296,35.7391159109622,60.5359621928184,3.72492189621939,1111.74453407083,1.2606651625389,49.623618808248,144715786.0,32.3,59.0,40.0,46.2,64.2816696166992,5.76426911966502,3.76710775047259,50.6,96.386833190918,1.04550004005432,45.1695098876953,1.06519997119904,6.13484001159668,7.13567003946154,1.11929413836649,34.396934864465,6.994,3.333,4.25,25.4769540701509,3.11259205915081
2006,50.5,96.74066,472.399016981675,124.43,64.524039740509,6.25483192391766,58.2692078165913,71.2913881846816,18.0340165108542,1729451.0,25.252,50.4759985553139,20.21561984781,42044685.0,3761.4,7.11798984694578,73.8314909913831,901528.0,1.66592495150091,1196063083.00571,2.10646582,12.05988026,6.634,5.985,189.596089771556,50.4857268527338,18.6372555412735,30.877011938852,55.986,168.32467252269,49.399343029874,8.33493730155715,16.3534635652888,12887525768.4106,11741089556.3444,26.5815575749539,18435555272.7,20160932717.1,2.755,188.408168316832,78.5633867639926,,70.64,0.635863899506714,456523167.703824,14.6050280402551,114111680586.242,71795736172.1561,6.67190498576788,779.419570444998,490.388026533289,5.44042881455881,2195.29485460994,321404279211.061,75845565709.4239,550.0,336538646781.819,5.44007855680545,,11233798031.1264,14245655500.099,2.13128995895386,26.1441457474299,26.1441457474299,35.341190936004,,73.1233082071871,94.0,83.0,21.7584608673034,16783829628.5402,15621647159.4109,,,1.0,24.0953205119221,5.87593581109938,6.76526117054757,200000.0,,29.241,58.071,54908227.0,11.6641666666667,67.273,64.951,66.048,,,15.3075621798679,352.0,0.989838836982973,829682794.837739,13.0671,31.1657016961389,43.9,33.6,59.8,1.35514289633775,1027815795.89844,68.9332333333333,17.9772956304887,55.1740477761124,7.55966261801311,5427515428.7338,0.305,35.4168352973658,60.7813908631262,3.80177383950799,1124.7289928555,1.16116775095831,49.7465677186096,146405973.0,,,,45.1,,5.46699380857848,3.2266048212351,48.6,95.8766021728516,1.05589997768402,45.7007904052734,1.05611002445221,7.07040023803711,7.04330405780911,0.939983509690425,38.1119244325921,6.396,2.646,3.591,25.9479149992596,2.99286532012132
2007,46.5,,523.447677871554,126.819,63.9122837398699,6.3719037093988,57.5403800304711,71.1838365214719,17.8065367823955,1242865.0,24.526,50.2819117580457,13.5483462879994,44841300.0,4020.9,7.18122966691793,80.5553137783967,978007.0,1.07621521358966,856792635.005175,2.17268491,14.03898716,6.51,6.99333333333333,198.744127936079,49.7149098023194,18.9098240163507,31.3752643173313,55.861,174.011519357534,48.217122938357,8.66279314084748,16.9953348464905,14090342485.2355,13530265640.2252,25.4056316582734,19578898590.1,21523544177.4,2.666,179.81000499002,79.2526162018641,0.0295359,74.54,0.817756922700044,651029738.054822,14.5804555581163,122166366935.51,79611644974.5571,7.05859935449848,825.508229964537,537.955492792911,5.91320275589507,2388.10025160357,353413232026.431,84719578977.2493,580.0,372342159956.1,5.35945621469055,,12137743126.3535,16469841979.5645,2.20221996307373,26.1784970672047,26.1784970672047,36.3174625843949,0.35,73.8931599871735,94.0,89.0,22.9470478066831,19553271066.6028,18268522231.9984,,,1.8,24.5005410079343,6.47126010502515,9.10698496905383,289000.0,,30.797,58.198,55892527.0,12.635,67.743,65.305,66.458,,,15.9340729924007,334.0,0.997091964413713,953464223.599622,23.2247,32.0428330535648,41.9,32.3,56.7,1.54453587681731,1308524291.99219,68.874875,18.6357622212246,55.1355977938881,8.24291009689063,6562316321.90849,0.317,35.1043735749559,61.008240407795,3.88738601724917,1136.89235614965,1.07564253185597,49.8720579617122,147989278.0,,,,43.2,,5.7891114361705,2.4493132133875,47.2,93.662353515625,1.07234001159668,46.4658813476562,1.05272996425629,7.66305017471313,6.91726266856821,1.19009751520455,39.9423826531735,6.587,3.084,4.015,26.415303779311,2.86086990423088
2008,54.3,95.72411,605.30816884109,119.728,63.3356883947747,6.50584958273277,56.829838812042,71.0839671199201,17.5956955421992,1224222.0,23.685,51.1876270713566,16.4072102783218,48946800.0,4102.5,7.2681348382702,87.7263034206632,1091200.0,1.01071124669571,926185438.562718,2.11878848,15.5619669,6.319,7.54666666666667,200.690066619094,48.9855434793339,19.1872302391746,31.8272281233023,55.705,180.396452212736,47.6239154547147,9.42878117115452,17.6588584820757,17495074302.4982,16182047682.9643,23.6567567728032,20695222501.9,23346917708.3,2.577,195.064350868424,80.8105879536593,0.0334506,80.64,1.4496579161576,1328422986.5175,14.5558830759776,129513195397.247,91636997370.9772,6.01378975738535,866.45815762135,613.06204104124,4.96057170242533,2554.85788238719,381885501594.424,98690272434.7262,640.0,406422852468.887,5.17827687820651,,15298332386.3005,21411065855.3558,2.0545699596405,26.2022714003991,26.2022714003991,37.3818777967604,0.37,75.6323110754527,96.0,92.0,24.9620555504832,25167716111.2465,22874478188.5382,,,2.5,24.7270013036793,7.86096609394262,8.90194489465154,467000.0,,32.398,58.324,56846810.0,12.8891666666667,68.451,65.789,67.047,,,16.124366972693,310.0,0.938215291633285,1030020018.23876,29.8647,34.0421917464818,40.1,31.1,53.9,1.78925974548376,1765825317.38281,68.598275,19.7207515381626,55.093817397815,9.75655233462347,8940611606.37692,0.33,34.793277305561,61.2236072332278,3.98311546121115,1148.30040715987,0.9984405660693,49.9996782054736,149474264.0,,,,,55.0913696289062,4.66174256991608,2.17015630467748,45.2,90.3782272338867,1.06190001964569,44.5729598999023,1.12472999095917,8.62265968322754,7.65602988282474,0.953213875989854,42.6209140325589,6.865,3.566,4.49,26.87206041368,2.7127996000916
2009,57.1,95.86042,672.110602481967,115.797,62.7031938906288,6.65505567963701,56.0481382109918,71.0301912883153,17.1046290519632,1409414.0,22.829,54.8817155926531,20.2444007675396,49735853.0,4176.0,7.51723965310516,92.484115240665,1182121.0,3.47023264645131,3556126394.04663,2.18321705,17.7030201,6.181,7.81416666666667,218.83202265439,48.327755652912,19.3863335157538,32.2859108313342,55.528,187.659357547152,47.6034674327424,9.87158360325856,16.9401329056133,17047455387.729,17359427992.7925,22.9455982553559,21969810224.6,25377795050.4,2.484,184.290524471148,79.6675864216949,0.20991,80.52,0.879517142536145,901286583.13086,14.5313098256127,136047297736.462,102475158190.998,5.04512479919337,901.729626251937,679.211477428056,4.07076421640669,2675.25945926785,403626330533.373,110599840405.017,700.0,430340508055.773,5.09374516609514,,15051721757.0364,19677718237.4463,1.93941998481751,26.2060570157536,26.2060570157536,38.9763939167199,0.49,74.5738412555998,97.0,93.0,23.1526633174097,23072754539.6883,23725728359.9447,,,3.1,25.2955721814431,6.76435468091874,5.42347236174679,267000.0,77000000.0,34.041,58.45,57807404.0,13.3266666666667,69.058,66.161,67.527,,,16.4801860604835,293.0,1.02893954845227,1258791156.60238,34.0413,36.1910375652522,38.4,30.0,51.3,0.978984569171793,1082755371.09375,69.0390666666667,20.9256676358937,55.048860676336,10.2665399023146,10520653005.6388,0.343,34.4480871598349,61.4616088790656,4.09030396109955,1159.05134823692,0.931892491457971,50.1279358037946,150873714.0,,,,,60.2132186889648,6.14653833234923,1.71259736771421,43.1,92.5936737060547,1.04786002635956,48.1255798339844,1.07799005508423,10.4939298629761,7.49811626276927,0.933227235699679,40.092796223023,7.194,4.083,5.0,27.3111249057412,2.55259258065882
2010,55.3,94.9566,749.617087690298,115.018,61.9686828582303,6.81767435451691,55.1510085037134,70.9917799800261,17.0011812592919,1818901.01882718,21.874,58.7459016095395,21.0788579048495,51862850.0,4288.3,7.77703342288353,100.0,1364139.0,1.82909794723497,2108502536.74166,2.28807664,20.62105751,6.049,7.21083333333333,239.944314522424,47.5925482341612,19.6659443987482,32.7415073670905,56.597,195.590116597033,47.4104540145554,9.26625106718959,16.0241126856916,21654463975.0679,18471882436.8538,21.3233746649766,22221502685.2,26571755072.0,2.38,208.024322968907,79.1899761491198,0.272381,85.25,1.06896766308322,1232258246.59254,14.5067373434739,143627564998.204,115275540051.262,5.57178818533122,943.66422864236,757.385280361508,4.65046297355514,2833.69544368864,431294060080.085,124613272943.348,780.0,460458409329.875,5.07532583559895,32.1,19209407428.1808,25081635495.4849,,26.2466561760577,26.2466561760577,38.7817739319854,0.54,74.1146503135208,94.0,88.0,21.7787299851405,29470808767.9071,25105548606.6769,41.5,8.9,3.7,24.9564767264585,7.14466302810841,8.12667639169917,139000.0,103000000.0,35.723,58.576,58796583.0,12.2191666666667,69.687,66.521,68.009,,,16.1212283592006,275.0,1.18438401700177,1624625085.96641,44.6275,40.9613226292342,36.9,28.8,48.9,0.979205458521154,1220219970.70313,69.6492916666667,22.1515314628396,55.0003330600866,9.41241447446753,10850211617.3056,0.352,34.0504147772873,61.7403305619908,4.20925466072201,1169.25544288238,0.876530534249878,50.2540157459973,152201981.0,25.1,52.1,31.5,,60.9081624899997,4.73612356896119,2.19929487807267,40.3,94.7762261175806,1.05883538722992,49.5031106793162,1.10892605781555,,7.83468474946733,0.887768337168174,37.8028426708321,4.345,2.945,3.379,27.7254372588696,2.38215024620493
2011,59.6,,826.613898000825,105.382,61.0979549461299,6.9977307992859,54.1002241468439,70.1236844126911,16.8099867573503,2022388.57221573,21.114,59.8117683130297,16.9153675617309,52628364.0,4352.8,7.98331431812774,111.39516515524,1419227.0,-0.125842241657654,-161842538.678824,2.36418128,22.77348328,5.93,8.8375,258.882228287795,46.7735957702428,20.0336837102759,33.1927100053692,55.941,200.299626883527,46.0202211202374,9.84388457755423,19.9220749554939,26990086630.4743,25621279024.2428,19.4870042621521,23671936348.9,27046084648.2,2.309,249.746915935394,79.377916333271,0.305031,88.81,0.983399364184761,1264725163.33408,14.4991441960513,152912195327.661,128607482310.357,6.46437912497728,995.579947155662,837.336944695647,5.501503282369,3051.26983271811,468647816773.515,138790366566.139,870.0,499623842867.126,5.0974466876342,,24537200415.0623,32607377241.185,2.13269996643066,27.4209733686034,27.4209733686034,38.0594897855469,0.53,74.2804696467287,96.0,93.0,27.4987748801959,37878113521.7329,35365482039.6129,,,4.5,25.0452996007551,7.85945085272492,11.3951651552399,157000.0,97000000.0,35.021,58.112,59281113.0,13.3216666666667,70.323,66.891,68.499,55.1199989318848,58.7700004577637,15.9967342498947,258.0,1.21766894947597,1801539801.81356,54.9307,42.4702411629772,35.4,27.8,46.7,1.0357494856298,1437520507.8125,74.1524,23.4095554351807,54.9485696855787,9.3859804789798,12071073184.1575,0.373,33.5821917595726,62.0740346987153,4.34377354171206,1179.92683413997,0.908525895582217,50.3637756922805,153591076.0,,,,41.3,,5.06419768574575,2.26185422687861,38.4,,1.01623558998108,49.7515496494472,1.13144075870514,13.2663245348367,8.68592470557816,1.10120533759933,47.4208498356898,5.369,3.014,3.737,28.1100162712427,2.28609018354601
2012,65.5,,853.69080005025,104.552,60.0398362395264,7.18427722271008,52.8555590168163,70.0622263194284,16.1775631732753,2195061.68029907,20.709,60.7424608294873,17.0113225651337,52801014.0,4395.8,8.17360952201364,118.321164250415,1435045.0,1.93195276968292,2575500680.61049,2.3537879,23.43771553,5.847,10.2158333333333,276.694215863057,45.9180677941619,20.4330171201156,33.6489046386861,55.3,208.040539602777,45.3045179545713,9.63853873285246,20.1615888640625,27591054728.5412,26877564843.4222,20.1641903015642,25985936408.2,29155976742.1,2.263,254.30935709739,78.7762373698397,0.387219,90.18,1.18850391920183,1584403459.98465,14.4915510486287,162884301114.117,133310747603.483,6.52145877906443,1050.39140404066,859.680536375497,5.50548020192592,3434.27815090447,532553859722.85,144592846556.493,950.0,570177672917.888,5.03934251857421,,24904204337.9242,32170683011.3546,2.17549991607666,28.2623350097187,28.2623350097187,40.5995794494189,0.61,73.7368948512655,94.0,88.0,27.9493338849842,37748953827.5089,37259465952.266,,,5.0,25.3099593902625,8.16457367624635,6.21750422069284,160000.0,105000000.0,34.316,57.647,59869794.0,13.9441666666667,70.944,67.275,68.989,54.2400016784668,57.8600006103516,15.9142206710142,244.0,1.18089723364654,1823425076.37789,62.6684,43.0006693750914,34.1,26.7,44.7,1.48973452826055,2154049560.54688,81.8626583333333,23.7354995191658,55.2966533276478,10.5915144036117,14119627033.9853,0.39,33.0265015658096,62.4844425603217,4.48905587386876,1191.28909118845,0.958355912717609,50.4569404358811,155070101.0,,,,37.0,,5.3433326587313,2.1463599958928,37.3,,,51.6718482971191,1.13694000244141,13.4211598649529,9.02456269019499,1.15911362651345,48.1109227490467,6.368,3.067,4.07,28.4787972894576,2.26174678800571
2013,61.5,,949.520478634602,102.256,58.8576060722821,7.35009257974433,51.5075134925378,69.9700391795345,15.4932779975908,2781708.0,20.55,61.399914294208,14.8498128345291,54357477.0,4508.6,8.32533134344639,127.231228786487,1584873.0,1.3723251518825,2058473420.43086,2.29574466,26.96918297,5.778,11.7216666666667,296.341695089956,45.0991832486723,20.7888945857964,34.1119221655313,54.649,218.935059190067,45.3965349648881,9.50711961128958,19.5378741098798,31635199879.2911,29306607469.6236,20.0259278722599,27225488366.2,32454687016.8,2.247,253.280642653537,77.9639056236344,0.974448,94.25,1.73532012481503,2602962095.36816,14.4839579012061,172679520662.469,149998957434.186,6.01360565834344,1103.15695907123,958.262989798283,5.02341839695075,3691.10431102117,577776460458.473,162063337208.742,1010.0,616569261196.949,5.11613164192944,,28638191700.1629,35000571811.1987,1.96616005897522,28.3896207536466,28.3896207536466,39.745387710533,0.58,72.8477739817049,96.0,91.0,26.7585286129376,41568397953.9145,40137513944.1348,,,6.63,26.3070701636507,7.17495343232414,7.53040640913172,104000.0,131000000.0,33.616,57.18,60484221.0,13.5933333333333,71.538,67.684,69.487,57.7900009155273,61.0200004577637,16.4420194729911,230.0,1.11372942922328,2047989070.87034,74.4595,41.7947548053392,32.7,25.7,42.7,1.62503589504122,2633587402.34375,78.103235,24.8574730785962,55.6606745928765,9.24470026765418,13866954019.3967,0.412,32.4236999110096,62.9494570158261,4.62684307316426,1202.52086502266,0.938408350120779,50.5484078186856,156532141.0,,,,42.0,,5.98869390231371,1.83888420855565,37.0,,,55.6214332189314,1.07561135292053,13.4900578063704,8.96241331541821,1.19770565572143,46.2964027228174,7.403,3.144,4.426,28.8407036106763,2.20119341986716
2014,62.4,,1068.92849745579,91.829,57.6363999788042,7.49808224678947,50.1383177320147,69.900898824614,15.3516208986344,3051914.73321389,20.298,63.3375540979273,15.6102159133793,55241123.0,4540.9,8.50230517091057,136.126776861358,1782007.0,0.43715979764451,755790761.66014,2.27915168,29.91152382,5.703,9.8,326.502853047843,44.4046216094801,20.5366959894489,35.0586926571988,54.308,224.107149946033,44.2144569595877,9.50443649145954,18.9896599950107,33057235033.7095,32830579729.9485,19.1263744321957,29649674314.4,35270692354.7,2.228,278.132224964281,77.9100576746867,1.95814,97.97,1.46870305074204,2539190939.6837,14.4763647537835,183145728910.398,172886611653.786,6.0610593588495,1159.40753475981,1094.46199702838,5.09905460197942,3972.50647733491,627516703644.248,184408668144.279,1080.0,662428199724.602,5.33752075651661,,29924488670.0177,37406403143.3612,2.09871663086838,28.5778757115563,28.5778757115563,37.7792321968568,0.6,72.5725369181701,97.0,94.0,25.5244202017989,45176624645.7085,44128305231.1645,,,11.9,26.3110467833576,5.66878852513904,6.99163889220849,134000.0,154000000.0,33.571,56.817,61204476.0,12.945,72.095,68.167,70.016,57.8600006103516,61.0900001525879,16.6127076619157,217.0,1.1364432719278,2355991524.71152,80.3128,43.7361238704853,31.4,24.7,40.7,1.31373692992305,2422644775.39063,77.6414083333333,25.6504046099574,56.040232268799,8.66899486049041,14987531478.7427,0.478,31.8063072462316,63.4371252223876,4.75656753138087,1213.52791733886,0.911167733810249,50.639892672885,157964929.0,,,,36.2,,6.88586627746747,1.50589723489168,35.4,,,,,13.5777392703559,8.6353777373447,1.10239877819055,44.5140801968096,7.37,3.131,4.417,29.1944442321013,2.13023875711627
2015,74.0,,1194.18010735624,89.274,56.4576539922494,7.67049516937057,48.7871588228788,70.3867250518553,14.7829964369364,3997815.0,20.254,64.5065520747659,14.8923360012126,55438379.0,4560.4,8.63626370214857,144.558850888013,2066344.0,1.32188871858147,2579621008.7762,2.27217698,33.20998764,5.638,8.24416666666667,348.932681283763,43.542342342038,20.4796085575501,35.9780592358065,53.972,237.713163558492,44.4098604931597,9.00588487034226,17.3366737865485,34969256093.9048,33831931004.0501,18.656464728563,30527365482.9,38770937144.2,2.227,297.810941171621,77.8415298617768,3.06992,100.7,1.4507824552936,2831152765.15514,14.4687716063609,195146608978.131,195146608978.131,6.55263987816197,1224.38647668165,1224.38647668165,5.60449539732434,4212.23578089428,671359529456.477,207815026631.717,1200.0,707741905118.267,5.40424038147983,,31736035719.197,37856277963.4513,1.87225417109978,28.886689247008,28.886689247008,36.7309559824005,0.76,72.437289480297,98.0,97.0,24.7493225204896,45575754269.1811,48297463643.7965,,,12.9,26.8313948329541,5.87277704102323,6.19428022984984,126000.0,150300003.051758,33.531,56.454,61920877.0,11.7091666666667,72.597,68.682,70.543,62.25,65.1399993896484,16.7886735625088,204.0,1.20851710681525,2815281640.95454,82.4276,44.4069718062837,30.0,23.6,38.8,1.24770017322217,2592908447.26563,77.9469083333333,27.0466120505002,56.4360346070219,7.83797175617291,15295536094.8351,0.476,31.1823407663365,63.9150578117155,4.90260142194805,1224.42328493508,0.89381937776758,50.7300233985169,159383179.0,,,,35.0,,5.51264431590569,1.81922798267931,33.1,,,59.4217414855957,1.11307096481323,15.5739926180902,8.49834882820801,0.844871384065753,42.0859963070382,7.322,3.11,4.397,29.5395099477892,2.06884580523583
2016,75.9,,1580.77341984739,87.837,55.3718768318608,7.88083150095721,47.4910453309036,70.6323269570562,13.4647923176039,3815869.0,20.226,54.9691444990129,16.6977571298921,54262297.0,4601.0,8.7056952349212,152.529140322278,2387953.0,0.351171861174517,931393867.987116,2.38938212,39.30647659,5.575,6.19916666666667,412.780315331328,42.6647464152912,20.4595245408049,36.8757190279881,53.65,255.923548835134,45.0368585046953,7.86276813546215,13.9212044814459,37662675681.5369,36922447162.046,14.9717904789002,32188161693.1,41569252897.7,2.227,288.288357639838,72.7297405349623,4.09944,101.33,0.879528340271998,2332724780.71107,14.4687716063609,209028320490.615,265224515675.034,7.11347821270093,1299.83091360792,1649.28380858601,6.16181560014782,4579.13228682862,736379109928.489,277650511849.492,1400.0,770879103187.534,5.86529831496558,32.4,34122050869.9338,40365988424.0509,1.28183996677399,30.2397639179985,30.2397639179985,37.280299201621,0.79,66.8644422199967,98.0,97.0,17.4129456531683,48167978223.7146,46183400773.3724,41.4,8.6,18.1,31.0691513830358,27.8507377248339,5.51352572692995,182000.0,214300003.051758,33.497,56.09,62629015.0,10.4091666666667,73.066,69.233,71.075,69.9000015258789,72.7600021362305,20.3479480962979,191.0,1.22590049912782,3239753509.63918,84.5595,37.7986426672318,28.6,22.5,36.9,0.91223255541772,2532818359.375,78.4680916666667,28.1895707253508,56.8478479103071,5.11803588431436,13574285886.2472,0.489,30.5660498794143,64.3617117778247,5.07223834276104,1235.3993393255,0.892432416039535,50.8173267889102,160811932.0,19.5,44.7,24.3,,,-13.6421356407858,1.82170924803526,30.2,,,64.1664546117285,1.10351002216339,17.3985207411042,7.31691184755758,0.66919272801744,31.3341501346142,7.235,3.067,4.35,29.8753915517965,2.0230746254932
2017,88.0,,1712.10431001292,82.215,54.6436395397794,8.13253782885509,46.5111017109243,70.5794729968503,12.9572760433733,4660739.03831114,19.991,55.8375416123996,13.7393957256101,58495624.0,4706.0,8.78188429969914,161.226458913586,2583549.0,-2.03756600416726,-5984992475.63151,2.36720181,42.17510986,5.512,5.60583333333333,443.212945924414,40.5973044110147,20.4193241705984,38.9833714183869,55.778,260.880286120411,43.4387288560967,7.63987436772557,12.8197468906003,39170435004.2459,37655756192.841,16.8057450414319,38678088722.6,51068283464.6,2.205,302.542720033696,72.9342489667459,4.50131,110.77,0.616341784631384,1810395803.56746,14.4687716063609,222803809377.443,293732446624.596,6.59024999794057,1373.75363740186,1811.08221668646,5.68710307010265,4882.60692615639,791891204668.818,303873962973.372,1640.0,819232336678.198,6.02233215987973,,35300765072.6352,48266578854.7534,2.11342875356648,30.9468731155675,30.9468731155675,35.2852031466044,0.84,66.9119168068661,98.0,97.0,17.179983781834,56764922839.7063,50463186692.0898,,,21.5,31.2482919641603,5.04759758203714,5.70207015717239,237000.0,348000000.0,36.676,58.328,66147765.0,9.54,73.51,69.803,71.606,70.0899963378906,72.8899993896484,20.0750615064997,179.0,1.12758125325097,3266033239.35658,93.069,40.4489561448676,27.4,21.3,35.2,1.24451822350917,3781766845.70313,80.4375416666667,29.3513450622559,57.2759974542837,4.59667741438375,13501933032.7096,0.535,30.0763108025382,64.6648001467869,5.25888905067487,1245.95641852962,0.850917315689336,50.8442166765328,162186147.0,,,,,,4.27653989369391,1.84507540216756,28.1,105.128820425409,1.05962836742401,62.3408639225315,1.14451086521149,18.5175604399834,6.99714263243688,0.749634350080731,29.9997306724343,6.628,3.289,4.372,30.2015798381799,1.93683060952504
2018,86.9,,1869.93574257226,80.415,54.3273751721014,8.42340995776793,45.9039652143335,70.694476453868,12.4800771856196,5677396.0,20.069,54.8325562875275,11.5061687301015,58816519.33,4790.2,8.87365429391096,170.164243384102,2946955.0,-2.20783912081882,-7095172568.14977,2.31622243,44.78892899,5.442,6.6575,471.126089137386,40.7657978851531,20.0532607831866,39.180939785584,56.3,257.873889464682,40.3394797290459,7.4941450180451,12.6747879443391,44128038982.4148,40732047404.0872,17.0924802738604,46559715241.5,57125459320.6,2.193,318.46686309072,73.548818695749,4.92462,110.54,0.75354913412869,2421626238.43716,14.4687716063609,239111739541.452,321362752441.78,7.31941263014136,1462.25050255713,1965.24372731467,6.44197494702485,5490.15881865179,897767805988.755,334213984192.582,2020.0,933669359748.506,5.95916693091491,,38681904956.14,55966038847.7106,2.09477473545666,31.8225747704431,31.8225747704431,35.4590395013776,0.88,67.5896517648341,98.0,97.0,19.8398437797492,65585208867.4853,63757868050.7515,,,25.6,31.9828135899766,5.80553876704575,5.54362139486476,267000.0,357000000.0,38.056,58.915,67683856.0,9.65083333333333,73.953,70.379,72.122,71.1800003051758,73.9100036621094,20.8022959266315,168.0,1.15395749092166,3649623807.57659,98.9289,40.0247365906979,26.3,20.2,33.7,0.911021785754119,3044762207.03125,83.4662019166666,29.397891998291,57.7206212770885,4.84382269321267,15566241930.3078,0.573,29.7445382083272,64.7973177686173,5.45814402305543,1256.22726434662,0.820955197842845,50.8136122464994,163523103.0,,,,30.9,,3.63430365848223,1.58250378979282,27.0,107.18995771035,1.06951701641083,65.2714888764112,1.13948059082031,19.5710492453779,7.73177216647423,0.905165357729859,32.5146317240884,6.261,3.528,4.439,30.5175656009959,1.86177443141625
2019,92.2,,2186.77189399317,79.151,54.1751879343991,8.73026000966038,45.4449279247387,72.1902127986479,11.9753231358984,6260241.0,20.131,54.8702535060565,11.9052656804273,59185501.11,4810.9,8.8628343816392,179.679821747048,3145919.0,-0.839485005371134,-2948537074.51493,2.12712646,45.07677078,5.372,6.775,515.10173042395,40.84013231722,19.8048029254686,39.355073841414,56.791,273.340023331257,39.9717736023752,8.27231587687115,13.0947573353039,44961040130.3924,45992932855.1263,17.0856511809436,51317230489.2,62468325028.8,2.18,320.445462644775,73.1156184200295,4.90289,111.94,0.543244141585063,1908045387.02684,14.4687716063609,257958323968.613,351231654603.692,7.88191515117722,1564.20802445636,2129.79896954606,6.97264399779152,6047.12401504125,997249695284.319,365618637342.157,2220.0,1038098559456.84,6.2381894055709,,38747293729.4974,54675863193.9243,1.13094997406006,32.2137331126266,32.2137331126266,36.3536024154867,0.89,66.8774290144586,98.0,97.0,18.4832971559365,64233645990.9765,64919190426.113,,,30.4,32.8525491977868,3.65813755162172,5.59199639930629,323000.0,391000000.0,39.33,59.47,69165404.0,9.55583333333333,74.399,70.933,72.625,71.9499969482422,74.6800003051758,21.2079438820896,157.0,1.24410082330294,4348501894.83657,100.4,39.0344709350066,25.4,19.3,32.4,1.19872986153458,4382779785.15625,84.4535225,29.595682144165,58.1817087457811,5.22841813674275,18363859531.2811,0.63,29.4761618478294,64.8612797816401,5.66255837053046,1266.90523930245,0.84641125179804,50.7848605436362,164913055.0,,,,28.0,,5.68956371493223,1.41533054353959,26.1,,,65.1185413488915,1.1429044008255,22.7094642473405,7.63863895398449,1.62297227133607,31.5780544912404,5.91,3.776,4.504,30.8228396343012,1.84176302855583
2020,96.2,,2305.85834488129,79.184,54.0679893713504,8.99007678263529,45.0779125887151,72.4437274333564,11.9996868602485,2984121.694,20.289,57.7630649896826,13.0848853408394,59962356.15,4901.8,8.7773021029017,189.905534708779,2897709.0,0.31894044196432,1192771686.32568,2.18254924,49.0274353,6.126,6.0675,509.945926958218,42.5476764075219,18.970086947415,38.482235139488,56.459,272.076572071717,38.7838767865565,8.14832024557625,10.4427880616037,38475972659.6309,39053880559.8514,18.8853836099419,60455488715.7,73550857817.1,2.175,325.386565272497,72.9223975478205,6.04506,115.91,0.407859894856915,1525312160.40492,14.4687716063609,266852772253.895,373979442362.193,3.44801755122445,1604.6659234742,2248.85078828233,2.58647816564581,6640.58437331062,1104316059486.83,389459167662.235,2320.0,1150025815983.89,5.97120729189186,,32456147196.7468,48849737649.4387,2.13974351741877,31.3079413414304,31.3079413414304,37.1888662137067,0.97,66.9511902559287,97.0,97.0,15.8286593146113,56776357566.2635,59195931838.1946,,,36.1091,32.9115650824449,3.84106338588026,5.69107474746211,,217899993.896484,40.323,59.77,70314500.0,8.295,73.428,69.584,71.421,72.0,74.9100036621094,20.5983315908994,152.0,1.24468950875224,4651183348.26269,106.002,39.161059242521,24.9,18.7,31.5,1.38043344611613,5376224609.375,84.8713916666667,28.7098007202148,58.6592547923406,5.81626795895569,21751646479.1934,0.661,29.2584546885536,64.9064095313604,5.835135780086,1277.54493354844,0.836310836229073,50.7637685460412,166298024.0,,,,,,4.2891862514626,1.468127885908,27.2,110.066619873047,1.09301996231079,66.4329548486639,1.17106783390045,22.6923019564501,7.00153674405437,1.03914457484536,26.271447376215,6.423,5.066,5.539,31.1168927321524,1.78580073795354
2021,99.0,,2567.44432056871,75.962,53.9605921368888,9.19731840432484,44.763273732564,72.3515402934624,11.6328584271282,3750753.0,20.414,56.6372785923275,9.17570944395813,61597969.2,4919.6,8.83053292077507,200.437039174984,3271732.0,-3.78969259910934,-15775415833.0742,2.26678729,56.09640121,6.317,5.045,574.118203146015,43.4657157854774,18.2957657271552,38.2385272243361,57.751,292.487219529267,39.3071498250447,8.3242513417429,10.6627789004134,49290500043.4355,44386125441.8587,20.8766117836117,70088387623.7,91477590071.6,2.173,395.72014579444,74.6581822005465,6.64247,121.59,0.414118154040593,1723856464.12345,14.4687716063609,285368829855.224,416271647911.014,6.93867912442445,1702.08028414189,2482.84917843357,6.07069417020969,7441.06913961254,1247561124482.2,438182167775.955,2600.0,1313226689114.99,5.88274868783073,,41815967657.0071,74432695833.9432,2.17090882504654,31.0187387357172,31.0187387357172,36.0511742335459,0.94,68.7754335127158,97.0,97.0,17.0612258032497,85298706306.6206,71021045805.0068,,,38.9174,33.3160943869001,4.1211747067957,5.54565430773473,,,42.181,61.085,72637932.0,7.32416666666667,72.847,69.484,71.103,73.6399993896484,76.3600006103516,21.2356729879977,194.0,1.16873060016575,4849929469.84836,110.012,39.0820163295701,24.5,18.3,31.0,1.16176375396577,5090641601.5625,85.08376325,28.296688079834,59.1534191656121,5.33437804101103,22205503377.1199,0.677,29.0745008042507,64.9516858651805,5.97381333056883,1287.99918568026,0.814977993693211,50.749788312702,167658854.0,,,,,109.869193724542,3.07621573507077,1.50205511687497,25.0,106.334849059692,1.01849806308746,66.8282318620991,1.24441254138947,23.9006822335243,7.64236300887138,1.29582451550224,27.7240047036631,5.951,5.183,5.457,31.3992156886061,1.7181839550393
2022,99.4,,,73.128,53.6222137721463,9.42496463313091,44.1972491390154,72.3706433287272,11.2176010351595,5267081.561,20.583,54.117700850947,7.50229843884212,62549531.82,5005.3,8.83763676795251,215.864586624407,3200236.0,-3.13772027380242,-14437645294.5494,2.21544909,56.62142181,5.037,5.55522939207449,602.674747324137,43.6687012820915,17.9688209597631,38.3624693337989,59.031,297.118356342706,37.6663518214095,,12.8822264348985,60066498548.0042,59275206086.406,20.2659753173734,75433676286.6,96944431751.0,2.179,388.941232933807,74.7756058312723,7.1702,125.2,0.347960024540439,1601074338.25183,14.458774758176,305629528154.311,460131689083.083,7.09982877575158,1804.3493461776,2716.48592780431,6.00847462887278,8450.54902533941,1431395376250.57,478360553749.872,2850.0,1488102430377.47,5.69899955596024,30.9,51832405871.0405,81445097324.9185,2.08538657806243,32.047275580905,32.047275580905,33.9494644131121,1.01,69.0766062753121,97.0,96.0,20.897740835675,93634992762.0944,96157127887.3964,40.1,8.8,41.6165,33.9200804971876,5.04902187883131,7.69695437176898,,,43.687,61.873,74651451.0,7.12109342742786,76.051,72.566,74.265,76.5400009155273,79.0,21.7648193612213,131.0,0.990983394484057,4214350329.15342,109.867,38.9555684288032,24.4,18.0,30.7,1.08804790683243,5204791992.1875,91.7454544396961,27.747165220022,59.1601050160444,4.6737649876073,21505473781.2512,0.717,28.7700900252928,65.0947523228864,6.13515765182076,1300.36002610164,1.02423384746683,50.7633821050564,169384897.0,5.9,20.5,18.7,23.6,96.6163713445783,1.9724805729144,,,107.802066750685,,67.0384586440383,,23.5005059888653,,1.42133581979152,33.7799672705735,4.888,4.423,4.593,31.673734726234,1.89472085102334
2023,99.5,,,73.179,53.0958193080833,9.67649438187319,43.4193249262101,72.311124788429,11.0036900209598,6628497.0,20.353,51.2185633263359,7.01325429366015,64325662.39,5159.9,8.80811745545824,237.199569600947,,1.00306769537462,4387571900.12179,2.17014575,53.46432495,5.01,6.51833333333333,,45.3663393707013,17.625867147727,37.0078031657165,58.845,,,,13.1571638341204,58884658532.2791,57551452000.7801,22.285488486933,83207548879.0,101370771740.3,2.163,391.888102126796,74.2404859204901,7.89246,,0.339361232770537,1484418066.45822,14.4899215263887,323279976841.364,437415333018.291,5.77511237007889,1885.37733613545,2551.01773827307,4.4907040939439,9147.7775066555,1568541874255.92,454873456328.939,2880.0,1631145526646.7,5.66516962733289,,52506389571.7054,62158521294.3891,2.16213826344701,30.9512000834944,30.9512000834944,34.9043598587167,0.92,68.5753162931573,97.0,96.0,17.8258075763392,73172264133.417,77972815573.2438,,,44.5027,34.5942721606063,6.89712404003441,9.8835030377921,,,41.874,60.885,74789575.0,7.57,76.373,73.032,74.672,,,22.3420188692022,115.0,0.919471499049507,3782793038.25623,114.355,37.6413802339103,24.4,17.9,30.6,1.24954695482709,5683857421.875,106.309484297483,28.6306777887606,59.1428021110632,5.04555725354251,22070041063.2115,0.722,28.3608821732976,65.3185697725259,6.32054805417649,1319.17979689183,1.22171475464107,50.8023608509136,171466990.0,,,,,98.0281882152568,0.629461237622801,,,103.116421399751,,65.9856598598849,,24.2003442708621,,1.64311682080107,30.9829714104596,3.238,3.415,3.352,32.1578465036834,2.73858385406151
2024,,,,,52.6423780619832,9.91940845499206,42.7229696069912,,11.1648014276903,,,48.7974312513377,6.13100150312289,,,,262.024279467947,,0.318705013196905,1434553195.37687,,,,8.51908101713886,,44.7360340472385,17.8924001804483,37.3715657723132,56.762,,,,10.4611878291715,54742063556.1248,47087839244.3229,22.2547977203389,86874607615.2,104486886261.1,,,76.0428205692111,,,0.292042784584373,1314541323.36924,,336932927922.21,450119432068.852,4.22325911250161,1941.27874360025,2593.41611680774,2.96499837954917,9646.76984383255,1674316179059.49,469502743696.193,2820.0,1746416581639.85,5.90807444317003,,47270356591.3926,63761432663.6342,2.0343847791384,30.7004900245244,30.7004900245244,34.3948663658783,,70.1347461260411,97.0,96.0,16.3168879748762,76047291240.783,73445483483.8237,,,,34.0971743458877,6.88285460605802,10.4657482763412,,,38.708,58.903,73619393.0,9.8525,,,,,,21.8929603584194,,0.941321120606305,4034561892.72044,,35.8111715787963,,,,,,115.603653796648,29.8787873077242,59.1254259857148,6.11494686698428,27524564108.9817,,27.9889305379593,65.5126064657658,6.49846299627493,,1.21462115417186,50.8282475341255,173562364.0,,,,,94.3021681436472,2.77841137840799,,,106.491310395865,,64.2997191043961,,23.7295608009814,,1.83104443759392,26.7780758040478,3.445,3.733,3.635,32.6783196323307,2.82015881681108
2025,,,,,,,,,,,,,,,,,,,,,,,,,,44.2601251126533,18.0335872114531,37.7062779422273,56.574,,,,,,,,,,,,,,,,,,,,,,,,,,,,,,,,,,,,,,,,,,,,,,,,,,,,38.649,58.796,74739682.0,,,,,,,,,,,,,,,,,,,,,,,,,,,,,,,,,,,,,,,,,,,,,,,3.673,3.832,3.778,,
